year,siruta,municipality,county,county_code,status,artifact_status,strict_line_rate,recall_measured,plan_comparison_eligible,plan_exclusion_reason,execution_comparison_eligible,execution_exclusion_reason,population,population_date,area_km2,density_per_km2,planned_revenue_mii_lei,planned_expense_mii_lei,planned_balance_mii_lei,planned_revenue_lei_per_capita,planned_expense_lei_per_capita,planned_balance_lei_per_capita,plan_expense_per_capita_rank,plan_expense_rank_cohort,execution_quarter,execution_date,actual_revenue_mii_lei,actual_expense_mii_lei,actual_balance_mii_lei,actual_revenue_lei_per_capita,actual_expense_lei_per_capita,actual_balance_lei_per_capita,execution_expense_per_capita_rank,execution_expense_rank_cohort,revenue_execution_pct,expense_execution_pct,planned_revenue_yoy_pct,planned_expense_yoy_pct,regional_classification_version,nuts1_code,nuts1_name,nuts2_code,nuts2_name,nuts3_code,nuts3_name,hicp_annual_average_rate_pct,inflation_status,planned_revenue_yoy_real_pct,planned_expense_yoy_real_pct
2026,1017,Alba Iulia,Alba,01,converted,verified,100.0,False,True,,True,,64227,2021-12-01,103.65,619.65,646801.06,650517.76,-3716.7,10070.55,10128.42,-57.87,3,9,2,2026-06-30,296585.66492,281716.7958,14868.869,4617.77,4386.27,231.5,3,41,45.9,43.3,0.35,-0.22,NUTS 2024,RO1,Macroregiunea Unu,RO12,Centru,RO121,Alba,,full_year_not_available,,
2026,9262,Arad,Arad,02,converted,verified,68.0,False,False,total_cheltuieli_lipsa,True,,145078,2021-12-01,116.5,1245.3,1250646.5,,,,,,,,2,2026-06-30,636605.69319,562656.64397,73949.049,4388.02,3878.3,509.72,7,41,,,,,NUTS 2024,RO4,Macroregiunea Patru,RO42,Vest,RO421,Arad,,full_year_not_available,,
2026,13169,Pitești,Argeș,03,converted,verified,70.5,False,True,,True,,141275,2021-12-01,111.13,1271.26,848702.87,969479.87,-120777.0,6007.45,6862.36,-854.91,6,9,2,2026-06-30,453197.64249,379335.62477,73862.018,3207.91,2685.09,522.82,31,41,53.4,39.1,-19.35,-7.88,NUTS 2024,RO3,Macroregiunea Trei,RO31,Sud-Muntenia,RO311,Argeș,,full_year_not_available,,
2026,20297,Bacău,Bacău,04,converted,verified,73.4,False,False,total_cheltuieli_lipsa,True,,136087,2021-12-01,43.1,3157.47,,,,,,,,,2,2026-06-30,522028.26406,388218.45081,133809.813,3835.99,2852.72,983.27,24,41,,,,,NUTS 2024,RO2,Macroregiunea Doi,RO21,Nord-Est,RO211,Bacău,,full_year_not_available,,
2026,26564,Oradea,Bihor,05,converted,verified,93.7,False,True,,True,,183105,2021-12-01,116.1,1577.13,,1879752.4,,,10265.98,,2,9,2,2026-06-30,960304.72981,755875.19863,204429.531,5244.56,4128.1,1116.46,5,41,,40.2,,-25.77,NUTS 2024,RO1,Macroregiunea Unu,RO11,Nord-Vest,RO111,Bihor,,full_year_not_available,,
2026,32394,Bistrița,Bistrița-Năsăud,06,converted,verified,77.8,False,False,total_cheltuieli_lipsa,True,,78877,2021-12-01,145.47,542.22,,,,,,,,,2,2026-06-30,308360.96733,234210.15502,74150.812,3909.39,2969.31,940.08,22,41,,,,,NUTS 2024,RO1,Macroregiunea Unu,RO11,Nord-Vest,RO112,Bistrița-Năsăud,,full_year_not_available,,
2026,35731,Botoșani,Botoșani,07,converted,verified,64.1,False,True,,True,,90010,2021-12-01,41.36,2176.26,,557751.57,,,6196.55,,8,9,2,2026-06-30,362871.8694,310670.28833,52201.581,4031.46,3451.51,579.95,12,41,,55.7,,78.24,NUTS 2024,RO2,Macroregiunea Doi,RO21,Nord-Est,RO212,Botoșani,,full_year_not_available,,
2026,40198,Brașov,Brașov,08,converted,verified,96.5,False,True,,True,,237589,2021-12-01,267.0,889.85,1006716.06,1599854.11,-593138.05,4237.22,6733.7,-2496.49,7,9,2,2026-06-30,886180.76963,577422.26902,308758.501,3729.89,2430.34,1299.55,34,41,88.0,36.1,-38.8,-16.85,NUTS 2024,RO1,Macroregiunea Unu,RO12,Centru,RO122,Brașov,,full_year_not_available,,
2026,42682,Brăila,Brăila,09,converted,verified,72.1,False,True,,True,,154686,2021-12-01,77.9,1985.7,863892.19,550564.87,313327.32,5584.81,3559.24,2025.57,9,9,2,2026-06-30,338737.56562,305092.97385,33644.592,2189.84,1972.34,217.5,40,41,39.2,55.4,3.86,-35.93,NUTS 2024,RO2,Macroregiunea Doi,RO22,Sud-Est,RO221,Brăila,,full_year_not_available,,
2026,44818,Buzău,Buzău,10,converted,verified,65.2,False,False,total_cheltuieli_lipsa,True,,103481,2021-12-01,81.3,1272.83,832952.64,,,,,,,,2,2026-06-30,362434.67336,318030.34349,44404.33,3502.43,3073.32,429.11,19,41,,,,,NUTS 2024,RO2,Macroregiunea Doi,RO22,Sud-Est,RO222,Buzău,,full_year_not_available,,
2026,50790,Reșița,Caraș-Severin,11,missing_pdf,,,,False,status_missing_pdf,True,,58393,2021-12-01,197.65,295.44,,,,,,,,,2,2026-06-30,226563.633,211475.2076,15088.425,3879.98,3621.58,258.39,10,41,,,,,NUTS 2024,RO4,Macroregiunea Patru,RO42,Vest,RO422,Caraș-Severin,,full_year_not_available,,
2026,92569,Călărași,Călărași,12,converted,verified,49.4,False,False,total_cheltuieli_lipsa,True,,58211,2021-12-01,133.22,436.95,225165.0,,,,,,,,2,2026-06-30,140519.72505,118541.02708,21978.698,2413.97,2036.4,377.57,38,41,,,,,NUTS 2024,RO3,Macroregiunea Trei,RO31,Sud-Muntenia,RO312,Călărași,,full_year_not_available,,
2026,54975,Cluj-Napoca,Cluj,13,converted,verified,94.8,False,False,total_cheltuieli_lipsa,True,,286598,2021-12-01,179.5,1596.65,3918810.049,,,,,,,,2,2026-06-30,1584581.58387,1134920.76504,449660.819,5528.93,3959.97,1568.96,6,41,,,,,NUTS 2024,RO1,Macroregiunea Unu,RO11,Nord-Vest,RO113,Cluj,,full_year_not_available,,
2026,60419,Constanța,Constanța,14,converted,verified,74.8,False,False,total_cheltuieli_lipsa,True,,263688,2021-12-01,124.89,2111.36,2315972.0,,,,,,,,2,2026-06-30,1174226.1798699999,938093.69345,236132.486,4453.09,3557.59,895.5,11,41,,,,,NUTS 2024,RO2,Macroregiunea Doi,RO22,Sud-Est,RO223,Constanța,,full_year_not_available,,
2026,63394,Sfântu Gheorghe,Covasna,15,converted,verified,93.9,False,False,total_cheltuieli_lipsa,True,,50080,2021-12-01,72.92,686.78,,,,,,,,,2,2026-06-30,252872.28277,237077.99354,15794.289,5049.37,4733.99,315.38,2,41,,,,,NUTS 2024,RO1,Macroregiunea Unu,RO12,Centru,RO123,Covasna,,full_year_not_available,,
2026,65342,Târgoviște,Dâmbovița,16,converted,verified,100.0,False,True,,True,,66965,2021-12-01,50.4,1328.67,679983.0,696115.0,-16132.0,10154.3,10395.21,-240.9,1,9,2,2026-06-30,327697.96991,323870.68788,3827.282,4893.57,4836.42,57.15,1,41,48.2,46.5,11.82,11.45,NUTS 2024,RO3,Macroregiunea Trei,RO31,Sud-Muntenia,RO313,Dâmbovița,,full_year_not_available,,
2026,69900,Craiova,Dolj,17,converted,verified,47.7,False,False,total_cheltuieli_lipsa,True,,234140,2021-12-01,81.41,2876.06,,,,,,,,,2,2026-06-30,728130.42772,608928.47124,119201.956,3109.81,2600.7,509.11,33,41,,,,,NUTS 2024,RO4,Macroregiunea Patru,RO41,Sud-Vest Oltenia,RO411,Dolj,,full_year_not_available,,
2026,75098,Galați,Galați,18,converted,verified,97.7,False,False,total_cheltuieli_lipsa,True,,217851,2021-12-01,246.4,884.14,,,,,,,,,2,2026-06-30,745840.65624,693842.40776,51998.248,3423.63,3184.94,238.69,18,41,,,,,NUTS 2024,RO2,Macroregiunea Doi,RO22,Sud-Est,RO224,Galați,,full_year_not_available,,
2026,100521,Giurgiu,Giurgiu,19,converted,verified,78.0,False,False,total_cheltuieli_lipsa,True,,54551,2021-12-01,46.94,1162.14,313815.0,,,,,,,,2,2026-06-30,173169.96417,149766.5733,23403.391,3174.46,2745.44,429.02,26,41,,,,,NUTS 2024,RO3,Macroregiunea Trei,RO31,Sud-Muntenia,RO314,Giurgiu,,full_year_not_available,,
2026,77812,Târgu Jiu,Gorj,20,missing_pdf,,,,False,status_missing_pdf,True,,73545,2021-12-01,161.0,456.8,,,,,,,,,2,2026-06-30,295742.24252,237736.21503,58006.027,4021.24,3232.53,788.71,15,41,,,,,NUTS 2024,RO4,Macroregiunea Patru,RO41,Sud-Vest Oltenia,RO412,Gorj,,full_year_not_available,,
2026,83320,Miercurea Ciuc,Harghita,21,converted,verified,86.4,False,False,total_cheltuieli_lipsa,True,,34484,2021-12-01,117.66,293.08,,,,,,,,,2,2026-06-30,175469.49822,103323.00893,72146.489,5088.43,2996.26,2092.17,21,41,,,,,NUTS 2024,RO1,Macroregiunea Unu,RO12,Centru,RO124,Harghita,,full_year_not_available,,
2026,86687,Deva,Hunedoara,22,converted,verified,100.0,False,True,,True,,53113,2021-12-01,34.0,1562.15,426162.82,457871.86,-31709.04,8023.7,8620.71,-597.01,4,9,2,2026-06-30,225309.04304000002,160186.12858,65122.914,4242.07,3015.95,1226.12,20,41,52.9,35.0,-0.48,-6.6,NUTS 2024,RO4,Macroregiunea Patru,RO42,Vest,RO423,Hunedoara,,full_year_not_available,,
2026,92658,Slobozia,Ialomița,23,converted,verified,78.4,False,False,total_cheltuieli_lipsa,True,,41550,2021-12-01,132.87,312.71,353906.64,,,,,,,,2,2026-06-30,144290.33164,93444.10153,50846.23,3472.69,2248.96,1223.74,36,41,,,,,NUTS 2024,RO3,Macroregiunea Trei,RO31,Sud-Muntenia,RO315,Ialomița,,full_year_not_available,,
2026,95060,Iași,Iași,24,missing_pdf,,,,False,status_missing_pdf,True,,271692,2021-12-01,94.0,2890.34,,,,,,,,,2,2026-06-30,1231542.0908899999,999307.79291,232234.298,4532.86,3678.09,854.77,8,41,,,,,NUTS 2024,RO2,Macroregiunea Doi,RO21,Nord-Est,RO213,Iași,,full_year_not_available,,
2026,106318,Baia Mare,Maramureș,26,pending,,,,False,status_pending,True,,108759,2021-12-01,236.0,460.84,,,,,,,,,2,2026-06-30,411388.80176,393972.37927,17416.422,3782.57,3622.43,160.14,9,41,,,,,NUTS 2024,RO1,Macroregiunea Unu,RO11,Nord-Vest,RO114,Maramureș,,full_year_not_available,,
2026,109773,Drobeta-Turnu Severin,Mehedinți,27,missing_pdf,,,,False,status_missing_pdf,True,,79865,2021-12-01,57.43,1390.65,,,,,,,,,2,2026-06-30,255065.23476,218481.85679,36583.378,3193.7,2735.64,458.07,27,41,,,,,NUTS 2024,RO4,Macroregiunea Patru,RO41,Sud-Vest Oltenia,RO413,Mehedinți,,full_year_not_available,,
2026,114319,Târgu Mureș,Mureș,28,converted,verified,90.0,False,False,total_cheltuieli_lipsa,True,,116033,2021-12-01,66.96,1732.87,805849.0,,,,,,,,2,2026-06-30,333044.26516,328275.10017,4769.165,2870.25,2829.15,41.1,25,41,,,,,NUTS 2024,RO1,Macroregiunea Unu,RO12,Centru,RO125,Mureș,,full_year_not_available,,
2026,120726,Piatra-Neamț,Neamț,29,converted,verified,78.4,False,False,total_cheltuieli_lipsa,True,,79679,2021-12-01,77.4,1029.44,,,,,,,,,2,2026-06-30,206536.15457,155255.44022,51280.714,2592.1,1948.51,643.59,41,41,,,,,NUTS 2024,RO2,Macroregiunea Doi,RO21,Nord-Est,RO214,Neamț,,full_year_not_available,,
2026,125347,Slatina,Olt,30,missing_pdf,,,,False,status_missing_pdf,True,,63487,2021-12-01,53.93,1177.21,,,,,,,,,2,2026-06-30,203727.23232,165491.41826,38235.814,3208.96,2606.7,602.26,32,41,,,,,NUTS 2024,RO4,Macroregiunea Patru,RO41,Sud-Vest Oltenia,RO414,Olt,,full_year_not_available,,
2026,130534,Ploiești,Prahova,31,pending,,,,False,status_pending,True,,180540,2021-12-01,89.2,2023.99,,,,,,,,,2,2026-06-30,549139.3729,528810.97871,20328.394,3041.65,2929.05,112.6,23,41,,,,,NUTS 2024,RO3,Macroregiunea Trei,RO31,Sud-Muntenia,RO316,Prahova,,full_year_not_available,,
2026,136483,Satu Mare,Satu Mare,32,pending,,,,False,status_pending,True,,91520,2021-12-01,150.3,608.92,,,,,,,,,2,2026-06-30,269734.3251,249176.70353,20557.622,2947.27,2722.65,224.62,29,41,,,,,NUTS 2024,RO1,Macroregiunea Unu,RO11,Nord-Vest,RO115,Satu Mare,,full_year_not_available,,
2026,139704,Zalău,Sălaj,33,converted,verified,61.6,False,False,total_cheltuieli_lipsa,True,,52359,2021-12-01,90.09,581.19,237564.02,,,,,,,,2,2026-06-30,250515.30744,222907.89702,27607.41,4784.57,4257.3,527.27,4,41,,,,,NUTS 2024,RO1,Macroregiunea Unu,RO11,Nord-Vest,RO116,Sălaj,,full_year_not_available,,
2026,143450,Sibiu,Sibiu,34,converted,verified,89.3,False,False,total_cheltuieli_lipsa,True,,134309,2021-12-01,121.0,1109.99,,,,,,,,,2,2026-06-30,581688.40923,361616.11161,220072.298,4330.97,2692.42,1638.55,30,41,,,,,NUTS 2024,RO1,Macroregiunea Unu,RO12,Centru,RO126,Sibiu,,full_year_not_available,,
2026,146263,Suceava,Suceava,35,converted,verified,94.0,False,False,total_cheltuieli_lipsa,True,,84322,2021-12-01,52.0,1621.58,756734.81,,,,,,,,2,2026-06-30,378351.85897,283454.40744,94897.452,4486.99,3361.57,1125.42,14,41,,,,,NUTS 2024,RO2,Macroregiunea Doi,RO21,Nord-Est,RO215,Suceava,,full_year_not_available,,
2026,151790,Alexandria,Teleorman,36,converted,verified,98.8,False,False,total_cheltuieli_lipsa,True,,40390,2021-12-01,9.56,4224.9,,,,,,,,,2,2026-06-30,127144.76400000001,82130.74713,45014.017,3147.93,2033.44,1114.48,39,41,,,,,NUTS 2024,RO3,Macroregiunea Trei,RO31,Sud-Muntenia,RO317,Teleorman,,full_year_not_available,,
2026,155243,Timișoara,Timiș,37,converted,verified,77.4,False,False,total_cheltuieli_lipsa,True,,250849,2021-12-01,130.5,1922.21,2676943.01,,,,,,,,2,2026-06-30,914730.47048,799913.15829,114817.312,3646.54,3188.82,457.71,17,41,,,,,NUTS 2024,RO4,Macroregiunea Patru,RO42,Vest,RO424,Timiș,,full_year_not_available,,
2026,159614,Tulcea,Tulcea,38,converted,verified,72.5,False,False,total_cheltuieli_lipsa,True,,65624,2021-12-01,199.94,328.22,420978.85,,,,,,,,2,2026-06-30,213482.62334,179142.81624,34339.807,3253.12,2729.84,523.28,28,41,,,,,NUTS 2024,RO2,Macroregiunea Doi,RO22,Sud-Est,RO225,Tulcea,,full_year_not_available,,
2026,161945,Vaslui,Vaslui,39,converted,verified,61.1,False,True,,True,,63035,2021-12-01,68.0,926.99,407948.0,442655.347,-34707.347,6471.77,7022.37,-550.6,5,9,2,2026-06-30,191985.24409,143821.56753,48163.677,3045.69,2281.61,764.08,35,41,47.1,32.5,-0.56,-4.53,NUTS 2024,RO2,Macroregiunea Doi,RO21,Nord-Est,RO216,Vaslui,,full_year_not_available,,
2026,167473,Râmnicu Vâlcea,Vâlcea,40,missing_pdf,,,,False,status_missing_pdf,True,,93151,2021-12-01,89.52,1040.56,,,,,,,,,2,2026-06-30,373684.47002,320957.9904,52726.48,4011.6,3445.57,566.03,13,41,,,,,NUTS 2024,RO4,Macroregiunea Patru,RO41,Sud-Vest Oltenia,RO415,Vâlcea,,full_year_not_available,,
2026,174744,Focșani,Vrancea,41,converted,verified,86.9,False,False,total_cheltuieli_lipsa,True,,66648,2021-12-01,54.8,1216.2,,,,,,,,,2,2026-06-30,251136.78689000002,214139.26473,36997.522,3768.11,3212.99,555.12,16,41,,,,,NUTS 2024,RO2,Macroregiunea Doi,RO22,Sud-Est,RO226,Vrancea,,full_year_not_available,,
2026,179132,București,București,42,converted,verified,81.4,False,False,total_cheltuieli_lipsa,True,,1716961,2021-12-01,226.0,7597.17,5820631.41,,,,,,,,2,2026-06-30,3958907.37664,3844201.96102,114705.416,2305.76,2238.96,66.81,37,41,,,,,NUTS 2024,RO3,Macroregiunea Trei,RO32,București-Ilfov,RO321,București,,full_year_not_available,,
2025,1017,Alba Iulia,Alba,01,converted,verified,100.0,False,True,,False,executie_lipsa,64227,2021-12-01,103.65,619.65,644564.3,651927.73,-7363.43,10035.72,10150.37,-114.65,2,14,,,,,,,,,,,,,,,NUTS 2024,RO1,Macroregiunea Unu,RO12,Centru,RO121,Alba,6.8,final,,
2025,9262,Arad,Arad,02,converted,verified,5.0,False,False,total_cheltuieli_lipsa,False,executie_lipsa,145078,2021-12-01,116.5,1245.3,,,,,,,,,,,,,,,,,,,,,,,NUTS 2024,RO4,Macroregiunea Patru,RO42,Vest,RO421,Arad,6.8,final,,
2025,13169,Pitești,Argeș,03,converted,verified,85.4,False,True,,False,executie_lipsa,141275,2021-12-01,111.13,1271.26,1052393.0,1052393.0,0.0,7449.25,7449.25,0.0,8,14,,,,,,,,,,,,,,,NUTS 2024,RO3,Macroregiunea Trei,RO31,Sud-Muntenia,RO311,Argeș,6.8,final,,
2025,20297,Bacău,Bacău,04,converted,verified,82.4,False,False,total_cheltuieli_lipsa,False,executie_lipsa,136087,2021-12-01,43.1,3157.47,596662.68,,,,,,,,,,,,,,,,,,,,,,NUTS 2024,RO2,Macroregiunea Doi,RO21,Nord-Est,RO211,Bacău,6.8,final,,
2025,26564,Oradea,Bihor,05,converted,verified,94.9,False,True,,False,executie_lipsa,183105,2021-12-01,116.1,1577.13,,2532346.92,,,13830.03,,1,14,,,,,,,,,,,,,,34.68,NUTS 2024,RO1,Macroregiunea Unu,RO11,Nord-Vest,RO111,Bihor,6.8,final,,26.1
2025,32394,Bistrița,Bistrița-Năsăud,06,converted,verified,93.8,False,False,total_cheltuieli_lipsa,False,executie_lipsa,78877,2021-12-01,145.47,542.22,,,,,,,,,,,,,,,,,,,,,,,NUTS 2024,RO1,Macroregiunea Unu,RO11,Nord-Vest,RO112,Bistrița-Năsăud,6.8,final,,
2025,35731,Botoșani,Botoșani,07,converted,verified,100.0,False,False,total_cheltuieli_lipsa,False,executie_lipsa,90010,2021-12-01,41.36,2176.26,,,,,,,,,,,,,,,,,,,,,,,NUTS 2024,RO2,Macroregiunea Doi,RO21,Nord-Est,RO212,Botoșani,6.8,final,,
2025,40198,Brașov,Brașov,08,converted,verified,93.2,False,False,total_cheltuieli_lipsa,False,executie_lipsa,237589,2021-12-01,267.0,889.85,,,,,,,,,,,,,,,,,,,,,,,NUTS 2024,RO1,Macroregiunea Unu,RO12,Centru,RO122,Brașov,6.8,final,,
2025,42682,Brăila,Brăila,09,converted,verified,80.7,False,True,,False,executie_lipsa,154686,2021-12-01,77.9,1985.7,831761.29,859261.29,-27500.0,5377.09,5554.87,-177.78,13,14,,,,,,,,,,,,,-2.85,-2.65,NUTS 2024,RO2,Macroregiunea Doi,RO22,Sud-Est,RO221,Brăila,6.8,final,-9.04,-8.85
2025,44818,Buzău,Buzău,10,converted,verified,59.6,False,True,,False,executie_lipsa,103481,2021-12-01,81.3,1272.83,890604.44,897236.48,-6632.04,8606.45,8670.54,-64.09,7,14,,,,,,,,,,,,,,30.08,NUTS 2024,RO2,Macroregiunea Doi,RO22,Sud-Est,RO222,Buzău,6.8,final,,21.8
2025,50790,Reșița,Caraș-Severin,11,missing_pdf,,,,False,status_missing_pdf,False,executie_lipsa,58393,2021-12-01,197.65,295.44,,,,,,,,,,,,,,,,,,,,,,,NUTS 2024,RO4,Macroregiunea Patru,RO42,Vest,RO422,Caraș-Severin,6.8,final,,
2025,92569,Călărași,Călărași,12,converted,verified,20.8,False,False,total_cheltuieli_lipsa,False,executie_lipsa,58211,2021-12-01,133.22,436.95,233521.0,,,,,,,,,,,,,,,,,,,,,,NUTS 2024,RO3,Macroregiunea Trei,RO31,Sud-Muntenia,RO312,Călărași,6.8,final,,
2025,54975,Cluj-Napoca,Cluj,13,converted,verified,90.9,False,False,total_cheltuieli_lipsa,False,executie_lipsa,286598,2021-12-01,179.5,1596.65,3919073.291,,,,,,,,,,,,,,,,,,,,,,NUTS 2024,RO1,Macroregiunea Unu,RO11,Nord-Vest,RO113,Cluj,6.8,final,,
2025,60419,Constanța,Constanța,14,converted,verified,74.5,False,True,,False,executie_lipsa,263688,2021-12-01,124.89,2111.36,,2311355.0,,,8765.49,,6,14,,,,,,,,,,,,,,0.82,NUTS 2024,RO2,Macroregiunea Doi,RO22,Sud-Est,RO223,Constanța,6.8,final,,-5.6
2025,63394,Sfântu Gheorghe,Covasna,15,converted,verified,92.7,False,False,total_cheltuieli_lipsa,False,executie_lipsa,50080,2021-12-01,72.92,686.78,,,,,,,,,,,,,,,,,,,,,,,NUTS 2024,RO1,Macroregiunea Unu,RO12,Centru,RO123,Covasna,6.8,final,,
2025,65342,Târgoviște,Dâmbovița,16,converted,verified,100.0,False,True,,False,executie_lipsa,66965,2021-12-01,50.4,1328.67,608092.0,624604.0,-16512.0,9080.74,9327.32,-246.58,3,14,,,,,,,,,,,,,1.74,3.49,NUTS 2024,RO3,Macroregiunea Trei,RO31,Sud-Muntenia,RO313,Dâmbovița,6.8,final,-4.74,-3.1
2025,69900,Craiova,Dolj,17,converted,verified,99.9,False,True,,False,executie_lipsa,234140,2021-12-01,81.41,2876.06,1453290.0,1460426.0,-7136.0,6206.93,6237.4,-30.48,12,14,,,,,,,,,,,,,18.84,18.37,NUTS 2024,RO4,Macroregiunea Patru,RO41,Sud-Vest Oltenia,RO411,Dolj,6.8,final,11.27,10.83
2025,75098,Galați,Galați,18,missing_pdf,,,,False,status_missing_pdf,False,executie_lipsa,217851,2021-12-01,246.4,884.14,,,,,,,,,,,,,,,,,,,,,,,NUTS 2024,RO2,Macroregiunea Doi,RO22,Sud-Est,RO224,Galați,6.8,final,,
2025,100521,Giurgiu,Giurgiu,19,converted,verified,60.5,False,False,total_cheltuieli_lipsa,False,executie_lipsa,54551,2021-12-01,46.94,1162.14,246224.06,,,,,,,,,,,,,,,,,,,,,,NUTS 2024,RO3,Macroregiunea Trei,RO31,Sud-Muntenia,RO314,Giurgiu,6.8,final,,
2025,77812,Târgu Jiu,Gorj,20,converted,verified,74.6,False,True,,False,executie_lipsa,73545,2021-12-01,161.0,456.8,420908.27,471833.38,-50925.11,5723.14,6415.57,-692.43,11,14,,,,,,,,,,,,,48.51,37.79,NUTS 2024,RO4,Macroregiunea Patru,RO41,Sud-Vest Oltenia,RO412,Gorj,6.8,final,39.05,29.02
2025,83320,Miercurea Ciuc,Harghita,21,failed,,,,False,status_failed,False,executie_lipsa,34484,2021-12-01,117.66,293.08,,,,,,,,,,,,,,,,,,,,,,,NUTS 2024,RO1,Macroregiunea Unu,RO12,Centru,RO124,Harghita,6.8,final,,
2025,86687,Deva,Hunedoara,22,converted,verified,46.9,False,True,,False,executie_lipsa,53113,2021-12-01,34.0,1562.15,428235.76,490221.89,-61986.13,8062.73,9229.79,-1167.06,4,14,,,,,,,,,,,,,,93.14,NUTS 2024,RO4,Macroregiunea Patru,RO42,Vest,RO423,Hunedoara,6.8,final,,80.84
2025,92658,Slobozia,Ialomița,23,converted,verified,78.3,False,False,total_cheltuieli_lipsa,False,executie_lipsa,41550,2021-12-01,132.87,312.71,287369.695,,,,,,,,,,,,,,,,,,,,,,NUTS 2024,RO3,Macroregiunea Trei,RO31,Sud-Muntenia,RO315,Ialomița,6.8,final,,
2025,95060,Iași,Iași,24,converted,verified,95.4,False,False,total_cheltuieli_lipsa,False,executie_lipsa,271692,2021-12-01,94.0,2890.34,,,,,,,,,,,,,,,,,,,,,,,NUTS 2024,RO2,Macroregiunea Doi,RO21,Nord-Est,RO213,Iași,6.8,final,,
2025,106318,Baia Mare,Maramureș,26,converted,verified,70.5,False,True,,False,executie_lipsa,108759,2021-12-01,236.0,460.84,1006361.0,384333.0,622028.0,9253.13,3533.8,5719.32,14,14,,,,,,,,,,,,,28.59,-51.51,NUTS 2024,RO1,Macroregiunea Unu,RO11,Nord-Vest,RO114,Maramureș,6.8,final,20.4,-54.6
2025,109773,Drobeta-Turnu Severin,Mehedinți,27,missing_pdf,,,,False,status_missing_pdf,False,executie_lipsa,79865,2021-12-01,57.43,1390.65,,,,,,,,,,,,,,,,,,,,,,,NUTS 2024,RO4,Macroregiunea Patru,RO41,Sud-Vest Oltenia,RO413,Mehedinți,6.8,final,,
2025,114319,Târgu Mureș,Mureș,28,converted,verified,74.1,False,False,total_cheltuieli_lipsa,False,executie_lipsa,116033,2021-12-01,66.96,1732.87,898933.0,,,,,,,,,,,,,,,,,,,,,,NUTS 2024,RO1,Macroregiunea Unu,RO12,Centru,RO125,Mureș,6.8,final,,
2025,120726,Piatra-Neamț,Neamț,29,converted,verified,85.1,False,False,total_cheltuieli_lipsa,False,executie_lipsa,79679,2021-12-01,77.4,1029.44,,,,,,,,,,,,,,,,,,,,,,,NUTS 2024,RO2,Macroregiunea Doi,RO21,Nord-Est,RO214,Neamț,6.8,final,,
2025,125347,Slatina,Olt,30,converted,verified,99.9,False,False,total_cheltuieli_lipsa,False,executie_lipsa,63487,2021-12-01,53.93,1177.21,,,,,,,,,,,,,,,,,,,,,,,NUTS 2024,RO4,Macroregiunea Patru,RO41,Sud-Vest Oltenia,RO414,Olt,6.8,final,,
2025,130534,Ploiești,Prahova,31,converted,verified,70.0,False,False,total_cheltuieli_lipsa,False,executie_lipsa,180540,2021-12-01,89.2,2023.99,,,,,,,,,,,,,,,,,,,,,,,NUTS 2024,RO3,Macroregiunea Trei,RO31,Sud-Muntenia,RO316,Prahova,6.8,final,,
2025,136483,Satu Mare,Satu Mare,32,failed,,,,False,status_failed,False,executie_lipsa,91520,2021-12-01,150.3,608.92,,,,,,,,,,,,,,,,,,,,,,,NUTS 2024,RO1,Macroregiunea Unu,RO11,Nord-Vest,RO115,Satu Mare,6.8,final,,
2025,139704,Zalău,Sălaj,33,converted,verified,65.6,False,False,total_cheltuieli_lipsa,False,executie_lipsa,52359,2021-12-01,90.09,581.19,419146.32,,,,,,,,,,,,,,,,,,,,,,NUTS 2024,RO1,Macroregiunea Unu,RO11,Nord-Vest,RO116,Sălaj,6.8,final,,
2025,143450,Sibiu,Sibiu,34,converted,verified,70.6,False,False,total_cheltuieli_lipsa,False,executie_lipsa,134309,2021-12-01,121.0,1109.99,,,,,,,,,,,,,,,,,,,,,,,NUTS 2024,RO1,Macroregiunea Unu,RO12,Centru,RO126,Sibiu,6.8,final,,
2025,146263,Suceava,Suceava,35,converted,verified,93.8,False,False,total_cheltuieli_lipsa,False,executie_lipsa,84322,2021-12-01,52.0,1621.58,762549.39,,,,,,,,,,,,,,,,,,,,,,NUTS 2024,RO2,Macroregiunea Doi,RO21,Nord-Est,RO215,Suceava,6.8,final,,
2025,151790,Alexandria,Teleorman,36,converted,verified,95.3,False,True,,False,executie_lipsa,40390,2021-12-01,9.56,4224.9,,358888.79,,,8885.59,,5,14,,,,,,,,,,,,,,-17.76,NUTS 2024,RO3,Macroregiunea Trei,RO31,Sud-Muntenia,RO317,Teleorman,6.8,final,,-23.0
2025,155243,Timișoara,Timiș,37,converted,verified,78.3,False,False,total_cheltuieli_lipsa,False,executie_lipsa,250849,2021-12-01,130.5,1922.21,2388257.76,,,,,,,,,,,,,,,,,,,,,,NUTS 2024,RO4,Macroregiunea Patru,RO42,Vest,RO424,Timiș,6.8,final,,
2025,159614,Tulcea,Tulcea,38,converted,verified,90.0,False,False,total_cheltuieli_lipsa,False,executie_lipsa,65624,2021-12-01,199.94,328.22,,,,,,,,,,,,,,,,,,,,,,,NUTS 2024,RO2,Macroregiunea Doi,RO22,Sud-Est,RO225,Tulcea,6.8,final,,
2025,161945,Vaslui,Vaslui,39,converted,verified,45.4,False,True,,False,executie_lipsa,63035,2021-12-01,68.0,926.99,410246.406,463645.776,-53399.37,6508.23,7355.37,-847.14,9,14,,,,,,,,,,,,,-8.7,-6.06,NUTS 2024,RO2,Macroregiunea Doi,RO21,Nord-Est,RO216,Vaslui,6.8,final,-14.51,-12.04
2025,167473,Râmnicu Vâlcea,Vâlcea,40,converted,verified,65.3,False,True,,False,executie_lipsa,93151,2021-12-01,89.52,1040.56,,632161.84,,,6786.42,,10,14,,,,,,,,,,,,,,,NUTS 2024,RO4,Macroregiunea Patru,RO41,Sud-Vest Oltenia,RO415,Vâlcea,6.8,final,,
2025,174744,Focșani,Vrancea,41,converted,verified,95.4,False,False,total_cheltuieli_lipsa,False,executie_lipsa,66648,2021-12-01,54.8,1216.2,,,,,,,,,,,,,,,,,,,,,,,NUTS 2024,RO2,Macroregiunea Doi,RO22,Sud-Est,RO226,Vrancea,6.8,final,,
2025,179132,București,București,42,converted,verified,0.0,False,False,total_cheltuieli_lipsa,False,executie_lipsa,1716961,2021-12-01,226.0,7597.17,,,,,,,,,,,,,,,,,,,,,,,NUTS 2024,RO3,Macroregiunea Trei,RO32,București-Ilfov,RO321,București,6.8,final,,
2024,1017,Alba Iulia,Alba,01,converted,verified,64.0,False,False,total_cheltuieli_lipsa,False,executie_lipsa,64227,2021-12-01,103.65,619.65,,,,,,,,,,,,,,,,,,,,,,,NUTS 2024,RO1,Macroregiunea Unu,RO12,Centru,RO121,Alba,5.8,final,,
2024,9262,Arad,Arad,02,converted,verified,100.0,False,True,,False,executie_lipsa,145078,2021-12-01,116.5,1245.3,990419.4,1027262.03,-36842.63,6826.81,7080.76,-253.95,11,27,,,,,,,,,,,,,,,NUTS 2024,RO4,Macroregiunea Patru,RO42,Vest,RO421,Arad,5.8,final,,
2024,13169,Pitești,Argeș,03,converted,verified,77.9,False,False,total_cheltuieli_lipsa,False,executie_lipsa,141275,2021-12-01,111.13,1271.26,,,,,,,,,,,,,,,,,,,,,,,NUTS 2024,RO3,Macroregiunea Trei,RO31,Sud-Muntenia,RO311,Argeș,5.8,final,,
2024,20297,Bacău,Bacău,04,converted,verified,73.1,False,True,,False,executie_lipsa,136087,2021-12-01,43.1,3157.47,1078219.23,597651.66,480567.57,7923.01,4391.69,3531.33,23,27,,,,,,,,,,,,,,,NUTS 2024,RO2,Macroregiunea Doi,RO21,Nord-Est,RO211,Bacău,5.8,final,,
2024,26564,Oradea,Bihor,05,converted,verified,94.8,False,True,,False,executie_lipsa,183105,2021-12-01,116.1,1577.13,,1880250.91,,,10268.7,,4,27,,,,,,,,,,,,,,,NUTS 2024,RO1,Macroregiunea Unu,RO11,Nord-Vest,RO111,Bihor,5.8,final,,
2024,32394,Bistrița,Bistrița-Năsăud,06,converted,verified,90.3,False,False,total_cheltuieli_lipsa,False,executie_lipsa,78877,2021-12-01,145.47,542.22,311707.0,,,,,,,,,,,,,,,,,,,,,,NUTS 2024,RO1,Macroregiunea Unu,RO11,Nord-Vest,RO112,Bistrița-Năsăud,5.8,final,,
2024,35731,Botoșani,Botoșani,07,converted,verified,70.6,False,True,,False,executie_lipsa,90010,2021-12-01,41.36,2176.26,,312916.58,,,3476.46,,25,27,,,,,,,,,,,,,,,NUTS 2024,RO2,Macroregiunea Doi,RO21,Nord-Est,RO212,Botoșani,5.8,final,,
2024,40198,Brașov,Brașov,08,converted,verified,89.1,False,True,,False,executie_lipsa,237589,2021-12-01,267.0,889.85,1645039.04,1923999.23,-278960.19,6923.89,8098.01,-1174.13,8,27,,,,,,,,,,,,,,,NUTS 2024,RO1,Macroregiunea Unu,RO12,Centru,RO122,Brașov,5.8,final,,
2024,42682,Brăila,Brăila,09,converted,verified,66.2,False,True,,False,executie_lipsa,154686,2021-12-01,77.9,1985.7,856194.28,882694.26,-26499.98,5535.05,5706.36,-171.31,16,27,,,,,,,,,,,,,,,NUTS 2024,RO2,Macroregiunea Doi,RO22,Sud-Est,RO221,Brăila,5.8,final,,
2024,44818,Buzău,Buzău,10,converted,verified,54.4,False,True,,False,executie_lipsa,103481,2021-12-01,81.3,1272.83,,689774.0,,,6665.71,,13,27,,,,,,,,,,,,,,,NUTS 2024,RO2,Macroregiunea Doi,RO22,Sud-Est,RO222,Buzău,5.8,final,,
2024,50790,Reșița,Caraș-Severin,11,converted,verified,95.2,False,True,,False,executie_lipsa,58393,2021-12-01,197.65,295.44,,633645.31,,,10851.39,,2,27,,,,,,,,,,,,,,,NUTS 2024,RO4,Macroregiunea Patru,RO42,Vest,RO422,Caraș-Severin,5.8,final,,
2024,92569,Călărași,Călărași,12,converted,verified,42.6,False,False,total_cheltuieli_lipsa,False,executie_lipsa,58211,2021-12-01,133.22,436.95,223517.0,,,,,,,,,,,,,,,,,,,,,,NUTS 2024,RO3,Macroregiunea Trei,RO31,Sud-Muntenia,RO312,Călărași,5.8,final,,
2024,54975,Cluj-Napoca,Cluj,13,converted,verified,82.1,False,True,,False,executie_lipsa,286598,2021-12-01,179.5,1596.65,2563356.898,1332108.8,1231248.098,8944.09,4648.0,4296.08,21,27,,,,,,,,,,,,,,,NUTS 2024,RO1,Macroregiunea Unu,RO11,Nord-Vest,RO113,Cluj,5.8,final,,
2024,60419,Constanța,Constanța,14,converted,verified,70.4,False,True,,False,executie_lipsa,263688,2021-12-01,124.89,2111.36,2271441.0,2292515.0,-21074.0,8614.12,8694.04,-79.92,7,27,,,,,,,,,,,,,,,NUTS 2024,RO2,Macroregiunea Doi,RO22,Sud-Est,RO223,Constanța,5.8,final,,
2024,63394,Sfântu Gheorghe,Covasna,15,converted,verified,91.8,False,False,total_cheltuieli_lipsa,False,executie_lipsa,50080,2021-12-01,72.92,686.78,,,,,,,,,,,,,,,,,,,,,,,NUTS 2024,RO1,Macroregiunea Unu,RO12,Centru,RO123,Covasna,5.8,final,,
2024,65342,Târgoviște,Dâmbovița,16,converted,verified,99.8,False,True,,False,executie_lipsa,66965,2021-12-01,50.4,1328.67,597702.89,603514.89,-5812.0,8925.6,9012.39,-86.79,6,27,,,,,,,,,,,,,,,NUTS 2024,RO3,Macroregiunea Trei,RO31,Sud-Muntenia,RO313,Dâmbovița,5.8,final,,
2024,69900,Craiova,Dolj,17,converted,verified,100.0,False,True,,False,executie_lipsa,234140,2021-12-01,81.41,2876.06,1222858.0,1233799.0,-10941.0,5222.76,5269.49,-46.73,18,27,,,,,,,,,,,,,,,NUTS 2024,RO4,Macroregiunea Patru,RO41,Sud-Vest Oltenia,RO411,Dolj,5.8,final,,
2024,75098,Galați,Galați,18,converted,verified,63.3,False,True,,False,executie_lipsa,217851,2021-12-01,246.4,884.14,524948.0,399391.3,125556.7,2409.67,1833.32,576.34,26,27,,,,,,,,,,,,,,,NUTS 2024,RO2,Macroregiunea Doi,RO22,Sud-Est,RO224,Galați,5.8,final,,
2024,100521,Giurgiu,Giurgiu,19,converted,verified,20.8,False,False,total_cheltuieli_lipsa,False,executie_lipsa,54551,2021-12-01,46.94,1162.14,,,,,,,,,,,,,,,,,,,,,,,NUTS 2024,RO3,Macroregiunea Trei,RO31,Sud-Muntenia,RO314,Giurgiu,5.8,final,,
2024,77812,Târgu Jiu,Gorj,20,converted,verified,58.2,False,True,,False,executie_lipsa,73545,2021-12-01,161.0,456.8,283422.01,342425.31,-59003.3,3853.72,4656.0,-802.27,20,27,,,,,,,,,,,,,,,NUTS 2024,RO4,Macroregiunea Patru,RO41,Sud-Vest Oltenia,RO412,Gorj,5.8,final,,
2024,83320,Miercurea Ciuc,Harghita,21,converted,verified,82.2,False,False,total_cheltuieli_lipsa,False,executie_lipsa,34484,2021-12-01,117.66,293.08,344442.03,,,,,,,,,,,,,,,,,,,,,,NUTS 2024,RO1,Macroregiunea Unu,RO12,Centru,RO124,Harghita,5.8,final,,
2024,86687,Deva,Hunedoara,22,converted,verified,52.6,False,True,,False,executie_lipsa,53113,2021-12-01,34.0,1562.15,,253812.23,,,4778.72,,19,27,,,,,,,,,,,,,,,NUTS 2024,RO4,Macroregiunea Patru,RO42,Vest,RO423,Hunedoara,5.8,final,,
2024,92658,Slobozia,Ialomița,23,converted,verified,89.8,False,True,,False,executie_lipsa,41550,2021-12-01,132.87,312.71,218989.521,236490.727,-17501.206,5270.51,5691.71,-421.21,17,27,,,,,,,,,,,,,,,NUTS 2024,RO3,Macroregiunea Trei,RO31,Sud-Muntenia,RO315,Ialomița,5.8,final,,
2024,95060,Iași,Iași,24,converted,verified,76.3,False,True,,False,executie_lipsa,271692,2021-12-01,94.0,2890.34,1729806.14,1747515.15,-17709.01,6366.79,6431.97,-65.18,14,27,,,,,,,,,,,,,,,NUTS 2024,RO2,Macroregiunea Doi,RO21,Nord-Est,RO213,Iași,5.8,final,,
2024,106318,Baia Mare,Maramureș,26,converted,verified,84.1,False,True,,False,executie_lipsa,108759,2021-12-01,236.0,460.84,782636.0,792557.0,-9921.0,7196.06,7287.28,-91.22,10,27,,,,,,,,,,,,,,,NUTS 2024,RO1,Macroregiunea Unu,RO11,Nord-Vest,RO114,Maramureș,5.8,final,,
2024,109773,Drobeta-Turnu Severin,Mehedinți,27,missing_pdf,,,,False,status_missing_pdf,False,executie_lipsa,79865,2021-12-01,57.43,1390.65,,,,,,,,,,,,,,,,,,,,,,,NUTS 2024,RO4,Macroregiunea Patru,RO41,Sud-Vest Oltenia,RO413,Mehedinți,5.8,final,,
2024,114319,Târgu Mureș,Mureș,28,converted,verified,90.4,False,False,total_cheltuieli_lipsa,False,executie_lipsa,116033,2021-12-01,66.96,1732.87,604574.0,,,,,,,,,,,,,,,,,,,,,,NUTS 2024,RO1,Macroregiunea Unu,RO12,Centru,RO125,Mureș,5.8,final,,
2024,120726,Piatra-Neamț,Neamț,29,converted,verified,72.3,False,True,,False,executie_lipsa,79679,2021-12-01,77.4,1029.44,542338.66,553874.83,-11536.17,6806.54,6951.33,-144.78,12,27,,,,,,,,,,,,,,,NUTS 2024,RO2,Macroregiunea Doi,RO21,Nord-Est,RO214,Neamț,5.8,final,,
2024,125347,Slatina,Olt,30,converted,verified,97.1,False,False,total_cheltuieli_lipsa,False,executie_lipsa,63487,2021-12-01,53.93,1177.21,,,,,,,,,,,,,,,,,,,,,,,NUTS 2024,RO4,Macroregiunea Patru,RO41,Sud-Vest Oltenia,RO414,Olt,5.8,final,,
2024,130534,Ploiești,Prahova,31,converted,verified,67.2,False,False,total_cheltuieli_lipsa,False,executie_lipsa,180540,2021-12-01,89.2,2023.99,,,,,,,,,,,,,,,,,,,,,,,NUTS 2024,RO3,Macroregiunea Trei,RO31,Sud-Muntenia,RO316,Prahova,5.8,final,,
2024,136483,Satu Mare,Satu Mare,32,converted,verified,100.0,False,True,,False,executie_lipsa,91520,2021-12-01,150.3,608.92,559052.437,577911.194,-18858.757,6108.53,6314.59,-206.06,15,27,,,,,,,,,,,,,,,NUTS 2024,RO1,Macroregiunea Unu,RO11,Nord-Vest,RO115,Satu Mare,5.8,final,,
2024,139704,Zalău,Sălaj,33,converted,verified,57.5,False,False,total_cheltuieli_lipsa,False,executie_lipsa,52359,2021-12-01,90.09,581.19,382743.76,,,,,,,,,,,,,,,,,,,,,,NUTS 2024,RO1,Macroregiunea Unu,RO11,Nord-Vest,RO116,Sălaj,5.8,final,,
2024,143450,Sibiu,Sibiu,34,converted,verified,48.0,False,False,total_cheltuieli_lipsa,False,executie_lipsa,134309,2021-12-01,121.0,1109.99,380533.76,,,,,,,,,,,,,,,,,,,,,,NUTS 2024,RO1,Macroregiunea Unu,RO12,Centru,RO126,Sibiu,5.8,final,,
2024,146263,Suceava,Suceava,35,converted,verified,92.4,False,True,,False,executie_lipsa,84322,2021-12-01,52.0,1621.58,1069340.06,1069740.09,-400.03,12681.63,12686.37,-4.74,1,27,,,,,,,,,,,,,,,NUTS 2024,RO2,Macroregiunea Doi,RO21,Nord-Est,RO215,Suceava,5.8,final,,
2024,151790,Alexandria,Teleorman,36,converted,verified,94.9,False,True,,False,executie_lipsa,40390,2021-12-01,9.56,4224.9,,436375.25,,,10804.04,,3,27,,,,,,,,,,,,,,,NUTS 2024,RO3,Macroregiunea Trei,RO31,Sud-Muntenia,RO317,Teleorman,5.8,final,,
2024,155243,Timișoara,Timiș,37,converted,verified,95.9,False,True,,False,executie_lipsa,250849,2021-12-01,130.5,1922.21,2261482.13,2352378.93,-90896.8,9015.31,9377.67,-362.36,5,27,,,,,,,,,,,,,,,NUTS 2024,RO4,Macroregiunea Patru,RO42,Vest,RO424,Timiș,5.8,final,,
2024,159614,Tulcea,Tulcea,38,converted,verified,72.3,False,True,,False,executie_lipsa,65624,2021-12-01,199.94,328.22,446805.6,258371.5,188434.1,6808.57,3937.15,2871.42,24,27,,,,,,,,,,,,,,,NUTS 2024,RO2,Macroregiunea Doi,RO22,Sud-Est,RO225,Tulcea,5.8,final,,
2024,161945,Vaslui,Vaslui,39,converted,verified,61.1,False,True,,False,executie_lipsa,63035,2021-12-01,68.0,926.99,449341.0,493563.08,-44222.08,7128.44,7829.98,-701.55,9,27,,,,,,,,,,,,,,,NUTS 2024,RO2,Macroregiunea Doi,RO21,Nord-Est,RO216,Vaslui,5.8,final,,
2024,167473,Râmnicu Vâlcea,Vâlcea,40,converted,verified,81.6,False,False,total_cheltuieli_lipsa,False,executie_lipsa,93151,2021-12-01,89.52,1040.56,554815.87,,,,,,,,,,,,,,,,,,,,,,NUTS 2024,RO4,Macroregiunea Patru,RO41,Sud-Vest Oltenia,RO415,Vâlcea,5.8,final,,
2024,174744,Focșani,Vrancea,41,converted,verified,58.8,False,True,,False,executie_lipsa,66648,2021-12-01,54.8,1216.2,,1756.0,,,26.35,,27,27,,,,,,,,,,,,,,,NUTS 2024,RO2,Macroregiunea Doi,RO22,Sud-Est,RO226,Vrancea,5.8,final,,
2024,179132,București,București,42,converted,verified,83.6,False,True,,False,executie_lipsa,1716961,2021-12-01,226.0,7597.17,7891248.0,7891248.0,0.0,4596.06,4596.06,0.0,22,27,,,,,,,,,,,,,,,NUTS 2024,RO3,Macroregiunea Trei,RO32,București-Ilfov,RO321,București,5.8,final,,
