oras,siruta,cod,cod_functional,sectiune,coloana,valoare_veche,valoare_noua,raport,raport_relativ,semnatura,vechi_verificat,nou_verificat,pagina_noua,prioritate
Craiova,69900,71.01.02,50.02,====== SECTIUNEA TOTAL ======,trim4,1651.00,1.00,0.0006057,0.0006376,outlier,True,True,8,5783.2
Craiova,69900,71.01.02,50.02,DEZVOLTARE,trim4,1651.00,1.00,0.0006057,0.0006376,outlier,True,True,44,5783.2
Craiova,69900,60.01,65.02,DEZVOLTARE,trim1,5903.00,6.00,0.001016,0.00107,outlier,True,True,45,4563.5
Craiova,69900,60.01,65.02,====== SECTIUNEA TOTAL ======,trim1,5903.00,6.00,0.001016,0.00107,outlier,True,True,14,4563.5
Craiova,69900,60,65.02,====== SECTIUNEA TOTAL ======,trim1,6998.00,8.00,0.001143,0.001203,outlier,True,True,14,4215.8
Craiova,69900,60,65.02,DEZVOLTARE,trim1,6998.00,8.00,0.001143,0.001203,outlier,True,True,45,4215.8
Craiova,69900,61,65.02,====== SECTIUNEA TOTAL ======,est2026,75.00,20372.00,271.6,285.9,outlier,True,True,14,1850.9
Craiova,69900,61,65.02,DEZVOLTARE,est2026,75.00,20372.00,271.6,285.9,outlier,True,True,45,1850.9
Craiova,69900,01,67.02,DEZVOLTARE,trim1,6.00,2450.00,408.3,429.8,outlier,True,True,47,1726.9
Craiova,69900,60.03,65.02,DEZVOLTARE,trim1,1071.00,2.00,0.001867,0.001966,outlier,True,True,45,1709.5
Craiova,69900,60.03,65.02,====== SECTIUNEA TOTAL ======,trim1,1071.00,2.00,0.001867,0.001966,outlier,True,True,14,1709.5
Craiova,69900,61,70.02,====== SECTIUNEA TOTAL ======,trim2,48388.00,217.00,0.004485,0.004721,outlier,True,True,21,1676.8
Craiova,69900,61,70.02,DEZVOLTARE,trim2,48388.00,217.00,0.004485,0.004721,outlier,True,True,48,1676.8
Craiova,69900,65.02.50,,====== SECTIUNEA TOTAL ======,trim3,5505.00,15.00,0.002725,0.002868,outlier,True,True,14,1675.9
Craiova,69900,65.02.50,,FUNCTIONARE,trim3,5505.00,15.00,0.002725,0.002868,outlier,True,True,35,1675.9
Craiova,69900,61.01,70.02,DEZVOLTARE,trim2,40661.00,182.00,0.004476,0.004712,outlier,True,True,48,1613.1
Craiova,69900,61.01,70.02,====== SECTIUNEA TOTAL ======,trim2,40661.00,182.00,0.004476,0.004712,outlier,True,True,21,1613.1
Craiova,69900,57.02.02,50.02,====== SECTIUNEA TOTAL ======,trim3,11520.00,40.00,0.003472,0.003655,outlier,True,True,7,1554.1
Craiova,69900,57.02.02,50.02,FUNCTIONARE,trim3,11520.00,40.00,0.003472,0.003655,outlier,True,True,29,1554.1
Craiova,69900,56.48,67.02,====== SECTIUNEA TOTAL ======,trim1,6.00,2050.00,341.7,359.6,outlier,True,True,17,1389.8
Craiova,69900,56,67.02,DEZVOLTARE,trim1,6.00,2050.00,341.7,359.6,outlier,True,True,47,1389.8
Craiova,69900,56,67.02,====== SECTIUNEA TOTAL ======,trim1,6.00,2050.00,341.7,359.6,outlier,True,True,17,1389.8
Craiova,69900,56.48,67.02,DEZVOLTARE,trim1,6.00,2050.00,341.7,359.6,outlier,True,True,47,1389.8
Craiova,69900,56.48.02,67.02,====== SECTIUNEA TOTAL ======,trim1,5.00,1742.00,348.4,366.7,outlier,True,True,17,1368.0
Craiova,69900,56.48.02,67.02,DEZVOLTARE,trim1,5.00,1742.00,348.4,366.7,outlier,True,True,47,1368.0
Craiova,69900,60,84.02,DEZVOLTARE,trim2,12913.00,56.00,0.004337,0.004565,outlier,True,True,50,1277.1
Craiova,69900,60,84.02,====== SECTIUNEA TOTAL ======,trim2,12913.00,56.00,0.004337,0.004565,outlier,True,True,24,1277.1
Craiova,69900,60.01,84.02,DEZVOLTARE,trim2,10846.00,47.00,0.004333,0.004561,outlier,True,True,50,1228.2
Craiova,69900,60.01,84.02,====== SECTIUNEA TOTAL ======,trim2,10846.00,47.00,0.004333,0.004561,outlier,True,True,24,1228.2
Craiova,69900,67.02.50,,====== SECTIUNEA TOTAL ======,trim1,6.00,1750.00,291.7,307,outlier,True,True,18,1146.4
Craiova,69900,67.02.50,,DEZVOLTARE,trim1,6.00,1750.00,291.7,307,outlier,True,True,47,1146.4
Craiova,69900,61.03,70.02,====== SECTIUNEA TOTAL ======,trim2,7727.00,35.00,0.00453,0.004768,outlier,True,True,21,1088.1
Craiova,69900,61.03,70.02,DEZVOLTARE,trim2,7727.00,35.00,0.00453,0.004768,outlier,True,True,48,1088.1
Craiova,69900,65.02.50,,FUNCTIONARE,trim4,7374.00,36.00,0.004882,0.005139,outlier,True,True,35,998.9
Craiova,69900,65.02.50,,====== SECTIUNEA TOTAL ======,trim4,7374.00,36.00,0.004882,0.005139,outlier,True,True,14,998.9
Craiova,69900,01,74.02,DEZVOLTARE,trim2,8500.00,50.00,0.005882,0.006192,outlier,True,True,49,856.1
Craiova,69900,61,74.02,DEZVOLTARE,trim2,8500.00,50.00,0.005882,0.006192,outlier,True,True,49,856.1
Craiova,69900,74.02.05,,DEZVOLTARE,trim2,8500.00,50.00,0.005882,0.006192,outlier,True,True,49,856.1
Craiova,69900,61,74.02,====== SECTIUNEA TOTAL ======,trim2,8500.00,50.00,0.005882,0.006192,outlier,True,True,22,856.1
Craiova,69900,74.02.05.02,,DEZVOLTARE,trim2,8500.00,50.00,0.005882,0.006192,outlier,True,True,49,856.1
Craiova,69900,60.03,84.02,====== SECTIUNEA TOTAL ======,trim2,2061.00,9.00,0.004367,0.004597,outlier,True,True,24,841.7
Craiova,69900,60.03,84.02,DEZVOLTARE,trim2,2061.00,9.00,0.004367,0.004597,outlier,True,True,50,841.7
Craiova,69900,56.48.01,67.02,DEZVOLTARE,trim1,1.00,308.00,308,324.2,outlier,True,True,47,841.2
Craiova,69900,56.48.01,67.02,====== SECTIUNEA TOTAL ======,trim1,1.00,308.00,308,324.2,outlier,True,True,17,841.2
Craiova,69900,67.02.03.04,,FUNCTIONARE,trim3,60.00,8770.00,146.2,153.9,outlier,True,True,37,821.4
Craiova,69900,67.02.03.04,,====== SECTIUNEA TOTAL ======,trim3,60.00,8770.00,146.2,153.9,outlier,True,True,18,821.4
Craiova,69900,67.02.03,,FUNCTIONARE,trim3,60.00,8770.00,146.2,153.9,outlier,True,True,37,821.4
Craiova,69900,67.02.03,,====== SECTIUNEA TOTAL ======,trim3,60.00,8770.00,146.2,153.9,outlier,True,True,18,821.4
Craiova,69900,61.01,74.02,====== SECTIUNEA TOTAL ======,trim2,7000.00,42.00,0.006,0.006316,outlier,True,True,22,803.3
Craiova,69900,61.01,74.02,DEZVOLTARE,trim2,7000.00,42.00,0.006,0.006316,outlier,True,True,49,803.3
Craiova,69900,57.02.02,68.02,====== SECTIUNEA TOTAL ======,trim3,6020.00,40.00,0.006645,0.006994,outlier,True,True,19,701.2
Craiova,69900,57.02.02,68.02,FUNCTIONARE,trim3,6020.00,40.00,0.006645,0.006994,outlier,True,True,38,701.2
Craiova,69900,61.03,74.02,====== SECTIUNEA TOTAL ======,trim2,1500.00,8.00,0.005333,0.005614,outlier,True,True,22,643.3
Craiova,69900,61.03,74.02,DEZVOLTARE,trim2,1500.00,8.00,0.005333,0.005614,outlier,True,True,49,643.3
Craiova,69900,20.30.04,50.02,FUNCTIONARE,trim3,1.00,238.00,238,250.5,outlier,True,True,29,617.3
Craiova,69900,20.30.04,50.02,====== SECTIUNEA TOTAL ======,trim3,1.00,238.00,238,250.5,outlier,True,True,6,617.3
Craiova,69900,20.30.04,51.02,FUNCTIONARE,trim3,1.00,226.00,226,237.9,outlier,True,True,31,580.1
Craiova,69900,20.30.04,51.02,====== SECTIUNEA TOTAL ======,trim3,1.00,226.00,226,237.9,outlier,True,True,10,580.1
Craiova,69900,70,51.02,DEZVOLTARE,trim1,200.00,16693.00,83.47,87.86,outlier,True,True,44,543.3
Craiova,69900,70,51.02,====== SECTIUNEA TOTAL ======,trim1,200.00,16693.00,83.47,87.86,outlier,True,True,10,543.3
Craiova,69900,20.30.04,51.02,FUNCTIONARE,trim4,1.00,201.00,201,211.6,outlier,True,True,31,504.1
Craiova,69900,20.30.04,50.02,FUNCTIONARE,trim4,1.00,201.00,201,211.6,outlier,True,True,29,504.1
Craiova,69900,20.30.04,51.02,====== SECTIUNEA TOTAL ======,trim4,1.00,201.00,201,211.6,outlier,True,True,10,504.1
Craiova,69900,20.30.04,50.02,====== SECTIUNEA TOTAL ======,trim4,1.00,201.00,201,211.6,outlier,True,True,6,504.1
Craiova,69900,65.02.04.02,,DEZVOLTARE,trim3,20901.00,327.00,0.01565,0.01647,outlier,True,True,46,395.4
Craiova,69900,81.02.06,,====== SECTIUNEA TOTAL ======,trim4,100.00,6706.00,67.06,70.59,outlier,True,True,23,354.7
Craiova,69900,71.01,51.02,====== SECTIUNEA TOTAL ======,trim1,200.00,11185.00,55.92,58.87,outlier,True,True,10,332.1
Craiova,69900,71,51.02,DEZVOLTARE,trim1,200.00,11185.00,55.92,58.87,outlier,True,True,44,332.1
Craiova,69900,71.01,51.02,DEZVOLTARE,trim1,200.00,11185.00,55.92,58.87,outlier,True,True,44,332.1
Craiova,69900,71,51.02,====== SECTIUNEA TOTAL ======,trim1,200.00,11185.00,55.92,58.87,outlier,True,True,10,332.1
Craiova,69900,71.01.30,50.02,====== SECTIUNEA TOTAL ======,trim4,5619.00,89.00,0.01584,0.01667,outlier,True,True,8,289.6
Craiova,69900,71.01.30,50.02,DEZVOLTARE,trim4,5619.00,89.00,0.01584,0.01667,outlier,True,True,44,289.6
Craiova,69900,74.02,,DEZVOLTARE,trim1,600.00,24213.00,40.35,42.48,outlier,True,True,49,286.2
Craiova,69900,71.01.30,70.02,DEZVOLTARE,trim4,2210.00,31.00,0.01403,0.01477,outlier,True,True,49,266.0
Craiova,69900,71.01.30,70.02,====== SECTIUNEA TOTAL ======,trim4,2210.00,31.00,0.01403,0.01477,outlier,True,True,21,266.0
Craiova,69900,84.02.03.02,,DEZVOLTARE,trim3,62098.00,2011.00,0.03238,0.03409,outlier,True,True,51,246.2
Craiova,69900,01,84.02,DEZVOLTARE,trim3,62098.00,2011.00,0.03238,0.03409,outlier,True,True,50,246.2
Craiova,69900,57.02.02,50.02,====== SECTIUNEA TOTAL ======,trim4,11660.00,271.00,0.02324,0.02447,outlier,True,True,7,232.8
Craiova,69900,57.02.02,50.02,FUNCTIONARE,trim4,11660.00,271.00,0.02324,0.02447,outlier,True,True,29,232.8
Craiova,69900,60,84.02,DEZVOLTARE,trim3,58098.00,2011.00,0.03461,0.03644,outlier,True,True,50,226.8
Craiova,69900,60,84.02,====== SECTIUNEA TOTAL ======,trim3,58098.00,2011.00,0.03461,0.03644,outlier,True,True,24,226.8
Craiova,69900,20.02,51.02,FUNCTIONARE,trim2,7.00,510.00,72.86,76.69,outlier,True,True,31,220.6
Craiova,69900,20.02,51.02,====== SECTIUNEA TOTAL ======,trim2,7.00,510.00,72.86,76.69,outlier,True,True,9,220.6
Craiova,69900,01,68.02,DEZVOLTARE,trim2,3472.00,65.00,0.01872,0.01971,outlier,True,True,47,220.1
Craiova,69900,60.01,84.02,DEZVOLTARE,trim3,48815.00,1690.00,0.03462,0.03644,outlier,True,True,50,217.7
Craiova,69900,60.01,84.02,====== SECTIUNEA TOTAL ======,trim3,48815.00,1690.00,0.03462,0.03644,outlier,True,True,24,217.7
Craiova,69900,45.02.49,,DEZVOLTARE,trim1,6322.00,152.00,0.02404,0.02531,outlier,True,True,43,195.9
Craiova,69900,45.02.49,,====== SECTIUNEA TOTAL ======,trim1,6322.00,152.00,0.02404,0.02531,outlier,True,True,5,195.9
Craiova,69900,70.02.50,,DEZVOLTARE,trim4,2200.00,42.00,0.01909,0.0201,outlier,True,True,49,195.3
Craiova,69900,56.49,50.02,DEZVOLTARE,trim1,6835.00,172.00,0.02516,0.02649,outlier,True,True,43,190.5
Craiova,69900,56.49,50.02,====== SECTIUNEA TOTAL ======,trim1,6835.00,172.00,0.02516,0.02649,outlier,True,True,7,190.5
Craiova,69900,56.49.02,50.02,====== SECTIUNEA TOTAL ======,trim1,5884.00,145.00,0.02464,0.02594,outlier,True,True,7,188.1
Craiova,69900,56.49.02,50.02,DEZVOLTARE,trim1,5884.00,145.00,0.02464,0.02594,outlier,True,True,43,188.1
Craiova,69900,61,74.02,DEZVOLTARE,trim1,600.00,16831.00,28.05,29.53,outlier,True,True,49,182.9
Craiova,69900,74.02.05,,DEZVOLTARE,trim1,600.00,16831.00,28.05,29.53,outlier,True,True,49,182.9
Craiova,69900,01,74.02,DEZVOLTARE,trim1,600.00,16831.00,28.05,29.53,outlier,True,True,49,182.9
Craiova,69900,61,74.02,====== SECTIUNEA TOTAL ======,trim1,600.00,16831.00,28.05,29.53,outlier,True,True,22,182.9
Craiova,69900,74.02.05.02,,DEZVOLTARE,trim1,600.00,16831.00,28.05,29.53,outlier,True,True,49,182.9
Craiova,69900,01,84.02,====== SECTIUNEA TOTAL ======,trim3,74898.00,7011.00,0.09361,0.09853,decimal_shift,True,True,23,178.0
Craiova,69900,61.01,74.02,====== SECTIUNEA TOTAL ======,trim1,500.00,14143.00,28.29,29.77,outlier,True,True,22,177.2
Craiova,69900,61.01,74.02,DEZVOLTARE,trim1,500.00,14143.00,28.29,29.77,outlier,True,True,49,177.2
Craiova,69900,56.48.01,70.02,====== SECTIUNEA TOTAL ======,trim2,25.00,1094.00,43.76,46.06,outlier,True,True,21,155.5
Craiova,69900,56.48.01,70.02,DEZVOLTARE,trim2,25.00,1094.00,43.76,46.06,outlier,True,True,48,155.5
Craiova,69900,20.02,66.02,====== SECTIUNEA TOTAL ======,trim2,79.00,1.00,0.01266,0.01332,outlier,True,True,15,149.4
Craiova,69900,20.02,66.02,FUNCTIONARE,trim2,79.00,1.00,0.01266,0.01332,outlier,True,True,35,149.4
Craiova,69900,60.03,84.02,====== SECTIUNEA TOTAL ======,trim3,9274.00,321.00,0.03461,0.03643,outlier,True,True,24,148.4
Craiova,69900,60.03,84.02,DEZVOLTARE,trim3,9274.00,321.00,0.03461,0.03643,outlier,True,True,50,148.4
Craiova,69900,68.02.50.50,,DEZVOLTARE,trim2,3472.00,100.00,0.0288,0.03032,outlier,True,True,48,143.1
Craiova,69900,68.02.50,,DEZVOLTARE,trim2,3472.00,100.00,0.0288,0.03032,outlier,True,True,48,143.1
Craiova,69900,68.02,,DEZVOLTARE,trim2,3472.00,100.00,0.0288,0.03032,outlier,True,True,47,143.1
Craiova,69900,20.30.03,50.02,FUNCTIONARE,trim3,134.00,2.00,0.01493,0.01571,outlier,True,True,29,140.1
Craiova,69900,20.30.03,50.02,====== SECTIUNEA TOTAL ======,trim3,134.00,2.00,0.01493,0.01571,outlier,True,True,6,140.1
Craiova,69900,56,66.02,DEZVOLTARE,est2027,2400.00,23073.00,9.614,10.12,decimal_shift,True,True,46,134.8
Craiova,69900,56,66.02,====== SECTIUNEA TOTAL ======,est2027,2400.00,23073.00,9.614,10.12,decimal_shift,True,True,16,134.8
Craiova,69900,11.02.06,,FUNCTIONARE,trim2,2000.00,34250.00,17.12,18.03,outlier,True,True,25,131.6
Craiova,69900,11.02.06,,====== SECTIUNEA TOTAL ======,trim2,2000.00,34250.00,17.12,18.03,outlier,True,True,2,131.6
Craiova,69900,20.01,70.02,FUNCTIONARE,trim4,2000.00,61.00,0.0305,0.03211,outlier,True,True,39,119.7
Craiova,69900,20,70.02,====== SECTIUNEA TOTAL ======,trim4,2000.00,61.00,0.0305,0.03211,outlier,True,True,20,119.7
Craiova,69900,20,70.02,FUNCTIONARE,trim4,2000.00,61.00,0.0305,0.03211,outlier,True,True,39,119.7
Craiova,69900,20.01,70.02,====== SECTIUNEA TOTAL ======,trim4,2000.00,61.00,0.0305,0.03211,outlier,True,True,20,119.7
Craiova,69900,45.02.48,,DEZVOLTARE,trim1,19924.00,1029.00,0.05165,0.05436,outlier,True,True,42,118.5
Craiova,69900,45.02.48,,====== SECTIUNEA TOTAL ======,trim1,19924.00,1029.00,0.05165,0.05436,outlier,True,True,4,118.5
Craiova,69900,61.03,74.02,DEZVOLTARE,trim1,100.00,2688.00,26.88,28.29,outlier,True,True,49,116.0
Craiova,69900,61.03,74.02,====== SECTIUNEA TOTAL ======,trim1,100.00,2688.00,26.88,28.29,outlier,True,True,22,116.0
Craiova,69900,84.02.03.01,,DEZVOLTARE,trim2,5224.00,204.00,0.03905,0.04111,outlier,True,True,51,115.6
Craiova,69900,84.02.03.01,,====== SECTIUNEA TOTAL ======,trim2,5224.00,204.00,0.03905,0.04111,outlier,True,True,24,115.6
Craiova,69900,61,50.02,====== SECTIUNEA TOTAL ======,trim3,101913.00,8004.00,0.07854,0.08267,outlier,True,True,8,114.1
Craiova,69900,61,50.02,DEZVOLTARE,trim3,101913.00,8004.00,0.07854,0.08267,outlier,True,True,43,114.1
Craiova,69900,71.01.02,67.02,====== SECTIUNEA TOTAL ======,trim3,10092.00,952.00,0.09433,0.0993,decimal_shift,True,True,18,111.0
Craiova,69900,71.01.02,67.02,DEZVOLTARE,trim3,10092.00,952.00,0.09433,0.0993,decimal_shift,True,True,47,111.0
Craiova,69900,61,65.02,DEZVOLTARE,trim3,37283.00,2390.00,0.0641,0.06748,outlier,True,True,45,110.4
Craiova,69900,61,65.02,====== SECTIUNEA TOTAL ======,trim3,37283.00,2390.00,0.0641,0.06748,outlier,True,True,14,110.4
Craiova,69900,56,66.02,====== SECTIUNEA TOTAL ======,est2026,2400.00,34400.00,14.33,15.09,outlier,True,True,16,110.3
Craiova,69900,56,66.02,DEZVOLTARE,est2026,2400.00,34400.00,14.33,15.09,outlier,True,True,46,110.3
Craiova,69900,56.49.01,50.02,DEZVOLTARE,trim1,951.00,27.00,0.02839,0.02989,outlier,True,True,43,109.6
Craiova,69900,56.49.01,50.02,====== SECTIUNEA TOTAL ======,trim1,951.00,27.00,0.02839,0.02989,outlier,True,True,7,109.6
Craiova,69900,60,66.02,DEZVOLTARE,trim2,4900.00,60285.00,12.3,12.95,outlier,True,True,46,107.9
Craiova,69900,60,66.02,====== SECTIUNEA TOTAL ======,trim2,4900.00,60285.00,12.3,12.95,outlier,True,True,16,107.9
Craiova,69900,45.02.49.01,,====== SECTIUNEA TOTAL ======,trim1,3729.00,145.00,0.03888,0.04093,outlier,True,True,5,107.7
Craiova,69900,45.02.49.01,,DEZVOLTARE,trim1,3729.00,145.00,0.03888,0.04093,outlier,True,True,43,107.7
Craiova,69900,42.02.89,,DEZVOLTARE,trim3,97133.00,8004.00,0.0824,0.08674,outlier,True,True,42,107.5
Craiova,69900,42.02.89,,====== SECTIUNEA TOTAL ======,trim3,97133.00,8004.00,0.0824,0.08674,outlier,True,True,4,107.5
Craiova,69900,60.01,66.02,DEZVOLTARE,trim2,4000.00,50224.00,12.56,13.22,outlier,True,True,46,105.5
Craiova,69900,60.01,66.02,====== SECTIUNEA TOTAL ======,trim2,4000.00,50224.00,12.56,13.22,outlier,True,True,16,105.5
Craiova,69900,56.49,65.02,====== SECTIUNEA TOTAL ======,trim1,4209.00,172.00,0.04086,0.04302,outlier,True,True,13,105.2
Craiova,69900,56.49,65.02,DEZVOLTARE,trim1,4209.00,172.00,0.04086,0.04302,outlier,True,True,45,105.2
Craiova,69900,56.49.02,65.02,====== SECTIUNEA TOTAL ======,trim1,3652.00,145.00,0.0397,0.04179,outlier,True,True,13,105.0
Craiova,69900,56.49.02,65.02,DEZVOLTARE,trim1,3652.00,145.00,0.0397,0.04179,outlier,True,True,45,105.0
Craiova,69900,42.02.89.01,,DEZVOLTARE,trim3,81662.00,6719.00,0.08228,0.08661,outlier,True,True,42,103.4
Craiova,69900,61.01,50.02,====== SECTIUNEA TOTAL ======,trim3,81662.00,6719.00,0.08228,0.08661,outlier,True,True,8,103.4
Craiova,69900,42.02.89.01,,====== SECTIUNEA TOTAL ======,trim3,81662.00,6719.00,0.08228,0.08661,outlier,True,True,4,103.4
Craiova,69900,61.01,50.02,DEZVOLTARE,trim3,81662.00,6719.00,0.08228,0.08661,outlier,True,True,44,103.4
Craiova,69900,81.02,,====== SECTIUNEA TOTAL ======,trim4,700.00,6706.00,9.58,10.08,decimal_shift,True,True,23,101.3
Craiova,69900,20.01,74.02,FUNCTIONARE,trim3,9650.00,500.00,0.05181,0.05454,outlier,True,True,40,100.0
Craiova,69900,20.01.04,74.02,FUNCTIONARE,trim3,9650.00,500.00,0.05181,0.05454,outlier,True,True,40,100.0
Craiova,69900,20.01,74.02,====== SECTIUNEA TOTAL ======,trim3,9650.00,500.00,0.05181,0.05454,outlier,True,True,22,100.0
Craiova,69900,20.01.04,74.02,====== SECTIUNEA TOTAL ======,trim3,9650.00,500.00,0.05181,0.05454,outlier,True,True,22,100.0
Craiova,69900,20.03.01,68.02,====== SECTIUNEA TOTAL ======,trim4,10.00,353.00,35.3,37.16,outlier,True,True,19,99.1
Craiova,69900,20.03,68.02,FUNCTIONARE,trim4,10.00,353.00,35.3,37.16,outlier,True,True,38,99.1
Craiova,69900,20.03.01,68.02,FUNCTIONARE,trim4,10.00,353.00,35.3,37.16,outlier,True,True,38,99.1
Craiova,69900,20.03,68.02,====== SECTIUNEA TOTAL ======,trim4,10.00,353.00,35.3,37.16,outlier,True,True,19,99.1
Craiova,69900,20.02,68.02,====== SECTIUNEA TOTAL ======,trim2,315.00,8.00,0.0254,0.02673,outlier,True,True,19,97.5
Craiova,69900,20.02,68.02,FUNCTIONARE,trim2,315.00,8.00,0.0254,0.02673,outlier,True,True,38,97.5
Craiova,69900,67.02.03,,====== SECTIUNEA TOTAL ======,trim4,80.00,1918.00,23.98,25.24,outlier,True,True,18,96.1
Craiova,69900,61.01,65.02,DEZVOLTARE,trim3,27205.00,2002.00,0.07359,0.07746,outlier,True,True,46,89.4
Craiova,69900,61.01,65.02,====== SECTIUNEA TOTAL ======,trim3,27205.00,2002.00,0.07359,0.07746,outlier,True,True,14,89.4
Craiova,69900,71.01,74.02,DEZVOLTARE,trim4,2151.00,90.00,0.04184,0.04404,outlier,True,True,49,88.7
Craiova,69900,70,74.02,====== SECTIUNEA TOTAL ======,trim4,2151.00,90.00,0.04184,0.04404,outlier,True,True,22,88.7
Craiova,69900,74.02,,DEZVOLTARE,trim4,2151.00,90.00,0.04184,0.04404,outlier,True,True,49,88.7
Craiova,69900,71,74.02,====== SECTIUNEA TOTAL ======,trim4,2151.00,90.00,0.04184,0.04404,outlier,True,True,22,88.7
Craiova,69900,70,74.02,DEZVOLTARE,trim4,2151.00,90.00,0.04184,0.04404,outlier,True,True,49,88.7
Craiova,69900,71.01,74.02,====== SECTIUNEA TOTAL ======,trim4,2151.00,90.00,0.04184,0.04404,outlier,True,True,22,88.7
Craiova,69900,71,74.02,DEZVOLTARE,trim4,2151.00,90.00,0.04184,0.04404,outlier,True,True,49,88.7
Craiova,69900,68.02,,DEZVOLTARE,trim1,3095.00,292.00,0.09435,0.09931,decimal_shift,True,True,47,85.2
Craiova,69900,68.02.50.50,,DEZVOLTARE,trim1,3095.00,292.00,0.09435,0.09931,decimal_shift,True,True,48,85.2
Craiova,69900,01,68.02,DEZVOLTARE,trim1,3095.00,292.00,0.09435,0.09931,decimal_shift,True,True,47,85.2
Craiova,69900,68.02.50,,DEZVOLTARE,trim1,3095.00,292.00,0.09435,0.09931,decimal_shift,True,True,48,85.2
Craiova,69900,61.01,50.02,====== SECTIUNEA TOTAL ======,trim1,3174.00,34017.00,10.72,11.28,outlier,True,True,8,82.2
Craiova,69900,61.01,50.02,DEZVOLTARE,trim1,3174.00,34017.00,10.72,11.28,outlier,True,True,44,82.2
Craiova,69900,42.02.89,,DEZVOLTARE,trim1,4161.00,40367.00,9.701,10.21,outlier,True,True,42,77.5
Craiova,69900,42.02.89,,====== SECTIUNEA TOTAL ======,trim1,4161.00,40367.00,9.701,10.21,outlier,True,True,4,77.5
Craiova,69900,01,70.02,DEZVOLTARE,trim2,49443.00,4832.00,0.09773,0.1029,outlier,True,True,48,77.3
Craiova,69900,70.02.03.30,,DEZVOLTARE,trim2,49316.00,4842.00,0.09818,0.1034,outlier,True,True,49,76.9
Craiova,69900,70.02.03.30,,====== SECTIUNEA TOTAL ======,trim2,49316.00,4842.00,0.09818,0.1034,outlier,True,True,21,76.9
Craiova,69900,42.02.89.01,,====== SECTIUNEA TOTAL ======,trim1,3400.00,33894.00,9.969,10.49,outlier,True,True,4,76.4
Craiova,69900,42.02.89.01,,DEZVOLTARE,trim1,3400.00,33894.00,9.969,10.49,outlier,True,True,42,76.4
Craiova,69900,70.02.03,,DEZVOLTARE,trim2,49316.00,4933.00,0.1,0.1053,outlier,True,True,49,75.5
Craiova,69900,70.02.03,,====== SECTIUNEA TOTAL ======,trim2,49316.00,4933.00,0.1,0.1053,outlier,True,True,21,75.5
Craiova,69900,84.02.03.02,,====== SECTIUNEA TOTAL ======,trim3,69764.00,7571.00,0.1085,0.1142,outlier,True,True,24,75.5
Craiova,69900,20.05,65.02,====== SECTIUNEA TOTAL ======,trim2,44.00,1.00,0.02273,0.02392,outlier,True,True,13,74.7
Craiova,69900,20.05,65.02,FUNCTIONARE,trim2,44.00,1.00,0.02273,0.02392,outlier,True,True,34,74.7
Craiova,69900,20.05.30,65.02,====== SECTIUNEA TOTAL ======,trim2,44.00,1.00,0.02273,0.02392,outlier,True,True,13,74.7
Craiova,69900,20.05.30,65.02,FUNCTIONARE,trim2,44.00,1.00,0.02273,0.02392,outlier,True,True,34,74.7
Craiova,69900,61,70.02,DEZVOLTARE,trim3,53545.00,5614.00,0.1048,0.1104,outlier,True,True,48,73.4
Craiova,69900,61,70.02,====== SECTIUNEA TOTAL ======,trim3,53545.00,5614.00,0.1048,0.1104,outlier,True,True,21,73.4
Craiova,69900,61,50.02,====== SECTIUNEA TOTAL ======,trim1,4460.00,40513.00,9.084,9.562,outlier,True,True,8,72.6
Craiova,69900,61,50.02,DEZVOLTARE,trim1,4460.00,40513.00,9.084,9.562,outlier,True,True,43,72.6
Craiova,69900,61.01,70.02,====== SECTIUNEA TOTAL ======,trim3,44995.00,4717.00,0.1048,0.1104,outlier,True,True,21,70.5
Craiova,69900,61.01,70.02,DEZVOLTARE,trim3,44995.00,4717.00,0.1048,0.1104,outlier,True,True,48,70.5
Craiova,69900,01,65.02,DEZVOLTARE,trim3,60454.00,6797.00,0.1124,0.1184,outlier,True,True,45,70.5
Craiova,69900,42.02.89.03,,DEZVOLTARE,trim3,15471.00,1285.00,0.08306,0.08743,outlier,True,True,42,69.5
Craiova,69900,61.03,50.02,====== SECTIUNEA TOTAL ======,trim3,15471.00,1285.00,0.08306,0.08743,outlier,True,True,8,69.5
Craiova,69900,42.02.89.03,,====== SECTIUNEA TOTAL ======,trim3,15471.00,1285.00,0.08306,0.08743,outlier,True,True,4,69.5
Craiova,69900,61.03,50.02,DEZVOLTARE,trim3,15471.00,1285.00,0.08306,0.08743,outlier,True,True,44,69.5
Craiova,69900,57.02.02,68.02,====== SECTIUNEA TOTAL ======,trim4,4312.00,271.00,0.06285,0.06616,outlier,True,True,19,68.8
Craiova,69900,57.02.02,68.02,FUNCTIONARE,trim4,4312.00,271.00,0.06285,0.06616,outlier,True,True,38,68.8
Craiova,69900,61.01,65.02,====== SECTIUNEA TOTAL ======,trim1,1900.00,19150.00,10.08,10.61,outlier,True,True,14,67.7
Craiova,69900,61.01,65.02,DEZVOLTARE,trim1,1900.00,19150.00,10.08,10.61,outlier,True,True,46,67.7
Craiova,69900,20.01.30,67.02,FUNCTIONARE,trim4,2690.00,159.00,0.05911,0.06222,outlier,True,True,36,65.9
Craiova,69900,20.01.30,67.02,====== SECTIUNEA TOTAL ======,trim4,2690.00,159.00,0.05911,0.06222,outlier,True,True,17,65.9
Craiova,69900,20,55.02,FUNCTIONARE,est2026,39.00,1.00,0.02564,0.02699,outlier,True,True,32,64.8
Craiova,69900,20,55.02,====== SECTIUNEA TOTAL ======,est2026,39.00,1.00,0.02564,0.02699,outlier,True,True,11,64.8
Craiova,69900,20.01.30,67.02,FUNCTIONARE,trim3,16020.00,1460.00,0.09114,0.09593,outlier,True,True,36,63.8
Craiova,69900,20.01.30,67.02,====== SECTIUNEA TOTAL ======,trim3,16020.00,1460.00,0.09114,0.09593,outlier,True,True,17,63.8
Craiova,69900,56.48.02,70.02,DEZVOLTARE,trim2,114.00,1827.00,16.03,16.87,outlier,True,True,48,63.6
Craiova,69900,56.48.02,70.02,====== SECTIUNEA TOTAL ======,trim2,114.00,1827.00,16.03,16.87,outlier,True,True,21,63.6
Craiova,69900,56.48.01,84.02,DEZVOLTARE,trim2,243.00,3383.00,13.92,14.65,outlier,True,True,50,63.2
Craiova,69900,56.48.01,84.02,====== SECTIUNEA TOTAL ======,trim2,243.00,3383.00,13.92,14.65,outlier,True,True,24,63.2
Craiova,69900,45.02.48.01,,DEZVOLTARE,trim1,11916.00,1029.00,0.08635,0.0909,outlier,True,True,43,63.0
Craiova,69900,45.02.48.01,,====== SECTIUNEA TOTAL ======,trim1,11916.00,1029.00,0.08635,0.0909,outlier,True,True,5,63.0
Craiova,69900,61.03,65.02,====== SECTIUNEA TOTAL ======,trim3,5298.00,388.00,0.07324,0.07709,outlier,True,True,14,61.8
Craiova,69900,61.03,65.02,DEZVOLTARE,trim3,5298.00,388.00,0.07324,0.07709,outlier,True,True,46,61.8
Craiova,69900,60.03,66.02,DEZVOLTARE,trim2,900.00,9545.00,10.61,11.16,outlier,True,True,47,60.8
Craiova,69900,60.03,66.02,====== SECTIUNEA TOTAL ======,trim2,900.00,9545.00,10.61,11.16,outlier,True,True,16,60.8
Craiova,69900,20.01,67.02,FUNCTIONARE,trim3,16252.00,1584.00,0.09746,0.1026,outlier,True,True,36,59.9
Craiova,69900,20.01,67.02,====== SECTIUNEA TOTAL ======,trim3,16252.00,1584.00,0.09746,0.1026,outlier,True,True,17,59.9
Craiova,69900,01,81.02,====== SECTIUNEA TOTAL ======,trim4,600.00,6706.00,11.18,11.76,outlier,True,True,23,59.1
Craiova,69900,51.02.28,66.02,====== SECTIUNEA TOTAL ======,trim1,200.00,2697.00,13.48,14.19,outlier,True,True,16,58.2
Craiova,69900,51.02,50.02,====== SECTIUNEA TOTAL ======,trim1,200.00,2697.00,13.48,14.19,outlier,True,True,7,58.2
Craiova,69900,51,50.02,DEZVOLTARE,trim1,200.00,2697.00,13.48,14.19,outlier,True,True,43,58.2
Craiova,69900,51,66.02,DEZVOLTARE,trim1,200.00,2697.00,13.48,14.19,outlier,True,True,46,58.2
Craiova,69900,51.02,50.02,DEZVOLTARE,trim1,200.00,2697.00,13.48,14.19,outlier,True,True,43,58.2
Craiova,69900,51.02,66.02,DEZVOLTARE,trim1,200.00,2697.00,13.48,14.19,outlier,True,True,46,58.2
Craiova,69900,51.02.28,50.02,DEZVOLTARE,trim1,200.00,2697.00,13.48,14.19,outlier,True,True,43,58.2
Craiova,69900,51.02,66.02,====== SECTIUNEA TOTAL ======,trim1,200.00,2697.00,13.48,14.19,outlier,True,True,16,58.2
Craiova,69900,51.02.28,66.02,DEZVOLTARE,trim1,200.00,2697.00,13.48,14.19,outlier,True,True,46,58.2
Craiova,69900,51.02.28,50.02,====== SECTIUNEA TOTAL ======,trim1,200.00,2697.00,13.48,14.19,outlier,True,True,7,58.2
Craiova,69900,56.48.02,65.02,====== SECTIUNEA TOTAL ======,trim4,5400.00,425.00,0.0787,0.08285,outlier,True,True,13,57.8
Craiova,69900,56.48.02,65.02,DEZVOLTARE,trim4,5400.00,425.00,0.0787,0.08285,outlier,True,True,45,57.8
Craiova,69900,56.49.01,65.02,====== SECTIUNEA TOTAL ======,trim1,557.00,27.00,0.04847,0.05103,outlier,True,True,13,57.4
Craiova,69900,56.49.01,65.02,DEZVOLTARE,trim1,557.00,27.00,0.04847,0.05103,outlier,True,True,45,57.4
Craiova,69900,20.01.03,68.02,FUNCTIONARE,trim3,5.00,125.00,25,26.32,outlier,True,True,38,57.2
Craiova,69900,20.01.03,68.02,====== SECTIUNEA TOTAL ======,trim3,5.00,125.00,25,26.32,outlier,True,True,19,57.2
Craiova,69900,20,67.02,FUNCTIONARE,trim4,4192.00,330.00,0.07872,0.08286,outlier,True,True,36,54.6
Craiova,69900,20,67.02,====== SECTIUNEA TOTAL ======,trim4,4192.00,330.00,0.07872,0.08286,outlier,True,True,17,54.6
Craiova,69900,61,65.02,DEZVOLTARE,trim1,2938.00,22819.00,7.767,8.176,outlier,True,True,45,54.3
Craiova,69900,61,65.02,====== SECTIUNEA TOTAL ======,trim1,2938.00,22819.00,7.767,8.176,outlier,True,True,14,54.3
Craiova,69900,74.02.05.02,,====== SECTIUNEA TOTAL ======,trim1,2500.00,19707.00,7.883,8.298,outlier,True,True,22,53.3
Craiova,69900,20.14,50.02,FUNCTIONARE,trim3,32.00,1.00,0.03125,0.03289,outlier,True,True,28,51.4
Craiova,69900,20.14,50.02,====== SECTIUNEA TOTAL ======,trim3,32.00,1.00,0.03125,0.03289,outlier,True,True,6,51.4
Craiova,69900,10.01.01,65.02,FUNCTIONARE,trim3,50.00,750.00,15,15.79,outlier,True,True,33,49.2
Craiova,69900,10.01.01,65.02,====== SECTIUNEA TOTAL ======,trim2,50.00,750.00,15,15.79,outlier,True,True,12,49.2
Craiova,69900,10.01.01,65.02,====== SECTIUNEA TOTAL ======,trim3,50.00,750.00,15,15.79,outlier,True,True,12,49.2
Craiova,69900,10.01.01,65.02,FUNCTIONARE,trim2,50.00,750.00,15,15.79,outlier,True,True,33,49.2
Craiova,69900,20.02,67.02,====== SECTIUNEA TOTAL ======,trim4,1422.00,100.00,0.07032,0.07402,outlier,True,True,17,48.2
Craiova,69900,20.02,67.02,FUNCTIONARE,trim4,1422.00,100.00,0.07032,0.07402,outlier,True,True,36,48.2
Craiova,69900,61.03,70.02,DEZVOLTARE,trim3,8550.00,897.00,0.1049,0.1104,outlier,True,True,48,48.1
Craiova,69900,61.03,70.02,====== SECTIUNEA TOTAL ======,trim3,8550.00,897.00,0.1049,0.1104,outlier,True,True,21,48.1
Craiova,69900,20.01,67.02,FUNCTIONARE,trim4,2739.00,225.00,0.08215,0.08647,outlier,True,True,36,47.6
Craiova,69900,20.01,67.02,====== SECTIUNEA TOTAL ======,trim4,2739.00,225.00,0.08215,0.08647,outlier,True,True,17,47.6
Craiova,69900,61.03,50.02,====== SECTIUNEA TOTAL ======,trim1,718.00,6496.00,9.047,9.524,outlier,True,True,8,47.5
Craiova,69900,61.03,50.02,DEZVOLTARE,trim1,718.00,6496.00,9.047,9.524,outlier,True,True,44,47.5
Craiova,69900,57.02,65.02,FUNCTIONARE,trim3,5889.00,595.00,0.101,0.1064,outlier,True,True,34,45.9
Craiova,69900,57,65.02,FUNCTIONARE,trim3,5889.00,595.00,0.101,0.1064,outlier,True,True,34,45.9
Craiova,69900,57.02,65.02,====== SECTIUNEA TOTAL ======,trim3,5889.00,595.00,0.101,0.1064,outlier,True,True,13,45.9
Craiova,69900,57,65.02,====== SECTIUNEA TOTAL ======,trim3,5889.00,595.00,0.101,0.1064,outlier,True,True,13,45.9
Craiova,69900,74.02.05.02,,====== SECTIUNEA TOTAL ======,trim2,8500.00,939.00,0.1105,0.1163,outlier,True,True,22,45.6
Craiova,69900,20.01.03,68.02,FUNCTIONARE,trim4,5.00,103.00,20.6,21.68,outlier,True,True,38,45.4
Craiova,69900,20.01.03,68.02,====== SECTIUNEA TOTAL ======,trim4,5.00,103.00,20.6,21.68,outlier,True,True,19,45.4
Craiova,69900,20.30.01,51.02,FUNCTIONARE,trim1,22.00,352.00,16,16.84,outlier,True,True,31,44.9
Craiova,69900,20.30.01,51.02,====== SECTIUNEA TOTAL ======,trim1,22.00,352.00,16,16.84,outlier,True,True,10,44.9
Craiova,69900,20.30.01,50.02,====== SECTIUNEA TOTAL ======,trim1,22.00,352.00,16,16.84,outlier,True,True,6,44.9
Craiova,69900,20.30.01,50.02,FUNCTIONARE,trim1,22.00,352.00,16,16.84,outlier,True,True,29,44.9
Craiova,69900,42.02.89.03,,DEZVOLTARE,trim1,761.00,6473.00,8.506,8.954,outlier,True,True,42,44.6
Craiova,69900,42.02.89.03,,====== SECTIUNEA TOTAL ======,trim1,761.00,6473.00,8.506,8.954,outlier,True,True,4,44.6
Craiova,69900,20.01.04,68.02,FUNCTIONARE,trim4,1.00,26.00,26,27.37,outlier,True,True,38,44.6
Craiova,69900,20.01.04,68.02,====== SECTIUNEA TOTAL ======,trim4,1.00,26.00,26,27.37,outlier,True,True,19,44.6
Craiova,69900,20.05,70.02,====== SECTIUNEA TOTAL ======,trim1,5.00,100.00,20,21.05,outlier,True,True,20,43.8
Craiova,69900,20.05.30,70.02,FUNCTIONARE,trim1,5.00,100.00,20,21.05,outlier,True,True,39,43.8
Craiova,69900,20.05.30,70.02,====== SECTIUNEA TOTAL ======,trim1,5.00,100.00,20,21.05,outlier,True,True,20,43.8
Craiova,69900,20.05,70.02,FUNCTIONARE,trim1,5.00,100.00,20,21.05,outlier,True,True,39,43.8
Craiova,69900,56.48.01,65.02,DEZVOLTARE,trim4,1017.00,75.00,0.07375,0.07763,outlier,True,True,45,42.8
Craiova,69900,56.48.01,65.02,====== SECTIUNEA TOTAL ======,trim4,1017.00,75.00,0.07375,0.07763,outlier,True,True,13,42.8
Craiova,69900,74.02.05.02,,====== SECTIUNEA TOTAL ======,trim3,7585.00,889.00,0.1172,0.1234,outlier,True,True,22,41.9
Craiova,69900,84.02.03.01,,DEZVOLTARE,trim1,324.00,3000.00,9.259,9.747,outlier,True,True,51,40.9
Craiova,69900,84.02.03.01,,====== SECTIUNEA TOTAL ======,trim1,324.00,3000.00,9.259,9.747,outlier,True,True,24,40.9
Craiova,69900,61.03,65.02,====== SECTIUNEA TOTAL ======,trim1,470.00,3669.00,7.806,8.217,outlier,True,True,14,36.1
Craiova,69900,61.03,65.02,DEZVOLTARE,trim1,470.00,3669.00,7.806,8.217,outlier,True,True,46,36.1
Craiova,69900,20.01.04,67.02,FUNCTIONARE,trim3,220.00,15.00,0.06818,0.07177,outlier,True,True,36,33.8
Craiova,69900,20.01.04,67.02,====== SECTIUNEA TOTAL ======,trim3,220.00,15.00,0.06818,0.07177,outlier,True,True,17,33.8
Craiova,69900,84.02.03.02,,DEZVOLTARE,trim1,307.00,24.00,0.07818,0.08229,outlier,True,True,51,31.5
Craiova,69900,01,84.02,DEZVOLTARE,trim1,307.00,24.00,0.07818,0.08229,outlier,True,True,50,31.5
Craiova,69900,20.14,65.02,====== SECTIUNEA TOTAL ======,trim2,21.00,1.00,0.04762,0.05013,outlier,True,True,13,31.3
Craiova,69900,20.14,65.02,FUNCTIONARE,trim2,21.00,1.00,0.04762,0.05013,outlier,True,True,34,31.3
Craiova,69900,36.02.50,,FUNCTIONARE,trim1,910.00,90.00,0.0989,0.1041,outlier,True,True,27,31.2
Craiova,69900,36.02.50,,====== SECTIUNEA TOTAL ======,trim1,910.00,90.00,0.0989,0.1041,outlier,True,True,3,31.2
Craiova,69900,20.30,65.02,FUNCTIONARE,trim2,1.00,19.00,19,20,outlier,True,True,34,30.9
Craiova,69900,20.30,65.02,====== SECTIUNEA TOTAL ======,trim2,1.00,19.00,19,20,outlier,True,True,13,30.9
Craiova,69900,20,68.02,FUNCTIONARE,trim4,87.00,752.00,8.644,9.099,outlier,True,True,38,28.4
Craiova,69900,20,68.02,====== SECTIUNEA TOTAL ======,trim4,87.00,752.00,8.644,9.099,outlier,True,True,19,28.4
Craiova,69900,36.02.50,,FUNCTIONARE,trim3,306.00,30.00,0.09804,0.1032,outlier,True,True,27,25.1
Craiova,69900,36.02.50,,====== SECTIUNEA TOTAL ======,trim3,306.00,30.00,0.09804,0.1032,outlier,True,True,3,25.1
Craiova,69900,20.05.30,68.02,====== SECTIUNEA TOTAL ======,trim2,5.00,60.00,12,12.63,outlier,True,True,19,23.9
Craiova,69900,20.05.30,68.02,FUNCTIONARE,trim2,5.00,60.00,12,12.63,outlier,True,True,38,23.9
Craiova,69900,20.30,68.02,====== SECTIUNEA TOTAL ======,trim1,16.00,1.00,0.0625,0.06579,outlier,True,True,19,22.8
Craiova,69900,20.30.30,68.02,====== SECTIUNEA TOTAL ======,trim1,16.00,1.00,0.0625,0.06579,outlier,True,True,19,22.8
Craiova,69900,20.30,68.02,FUNCTIONARE,trim1,16.00,1.00,0.0625,0.06579,outlier,True,True,38,22.8
Craiova,69900,20.30.30,68.02,FUNCTIONARE,trim1,16.00,1.00,0.0625,0.06579,outlier,True,True,38,22.8
Craiova,69900,36.02.50,,FUNCTIONARE,trim4,153.00,15.00,0.09804,0.1032,outlier,True,True,27,21.9
Craiova,69900,36.02.50,,FUNCTIONARE,trim2,153.00,15.00,0.09804,0.1032,outlier,True,True,27,21.9
Craiova,69900,36.02.50,,====== SECTIUNEA TOTAL ======,trim4,153.00,15.00,0.09804,0.1032,outlier,True,True,3,21.9
Craiova,69900,36.02.50,,====== SECTIUNEA TOTAL ======,trim2,153.00,15.00,0.09804,0.1032,outlier,True,True,3,21.9
Craiova,69900,20.01.08,68.02,====== SECTIUNEA TOTAL ======,trim3,9.00,81.00,9,9.474,outlier,True,True,19,18.9
Craiova,69900,20.01.08,68.02,FUNCTIONARE,trim3,9.00,81.00,9,9.474,outlier,True,True,38,18.9
Craiova,69900,20.01.06,51.02,FUNCTIONARE,trim1,7.00,64.00,9.143,9.624,outlier,True,True,31,18.4
Craiova,69900,20.01.06,51.02,====== SECTIUNEA TOTAL ======,trim1,7.00,64.00,9.143,9.624,outlier,True,True,9,18.4
Craiova,69900,71.01.30,67.02,====== SECTIUNEA TOTAL ======,trim2,80.00,9.00,0.1125,0.1184,outlier,True,True,18,16.8
Craiova,69900,71.01.30,67.02,DEZVOLTARE,trim2,80.00,9.00,0.1125,0.1184,outlier,True,True,47,16.8
Craiova,69900,20.01.08,68.02,====== SECTIUNEA TOTAL ======,trim4,10.00,79.00,7.9,8.316,outlier,True,True,19,16.6
Craiova,69900,20.01.08,68.02,FUNCTIONARE,trim4,10.00,79.00,7.9,8.316,outlier,True,True,38,16.6
Craiova,69900,20.02,68.02,FUNCTIONARE,trim3,45.00,5.00,0.1111,0.117,outlier,True,True,38,15.3
Craiova,69900,20.02,68.02,====== SECTIUNEA TOTAL ======,trim3,45.00,5.00,0.1111,0.117,outlier,True,True,19,15.3
Craiova,69900,20.01.01,68.02,====== SECTIUNEA TOTAL ======,trim4,2.00,18.00,9,9.474,outlier,True,True,19,14.5
Craiova,69900,20.01.01,68.02,FUNCTIONARE,trim4,2.00,18.00,9,9.474,outlier,True,True,38,14.5
Oradea,26564,71.01.01,70.02,,trim4,10.00,10000.00,1000,1095,outlier,True,True,18,6023.8
Oradea,26564,65.02.50,,,trim1,61.87,22881.38,369.8,405.1,outlier,True,True,11,2693.4
Oradea,26564,58,81.02,,trim1,207.00,58348.66,281.9,308.7,outlier,True,True,21,2553.5
Oradea,26564,42.02.88,,,trim4,238532.23,2200.00,0.009223,0.0101,decimal_shift,True,True,3,2286.8
Oradea,26564,80.02,,,trim1,17.00,3751.80,220.7,241.7,outlier,False,False,20,2133.4
Oradea,26564,42.02.88,,,trim3,302700.00,2200.00,0.007268,0.00796,outlier,True,True,3,1536.2
Oradea,26564,60,66.02,,trim2,227647.55,12827.53,0.05635,0.06171,outlier,True,False,12,1480.6
Oradea,26564,42.02.88.01,,,trim3,270800.00,2000.00,0.007386,0.008089,outlier,True,True,3,1471.9
Oradea,26564,42.02.88.01,,,trim2,252875.89,2175.14,0.008602,0.009421,outlier,True,True,3,1243.2
Oradea,26564,42.02.88,,,trim2,287071.41,2778.42,0.009678,0.0106,outlier,True,True,3,1139.0
Oradea,26564,80.02.01.10,,,trim1,17.00,3751.80,220.7,241.7,outlier,True,True,20,1066.7
Oradea,26564,42.02.88.01,,,trim4,207132.23,2000.00,0.009656,0.01058,outlier,True,True,3,1055.9
Oradea,26564,42.02.88.03,,,trim3,31900.00,200.00,0.00627,0.006867,outlier,True,True,3,1045.9
Oradea,26564,42.02.88.03,,,trim4,31400.00,200.00,0.006369,0.006976,outlier,True,True,3,1025.8
Oradea,26564,58.32,81.02,,trim1,207.00,15459.00,74.68,81.79,outlier,True,True,21,496.9
Oradea,26564,70.02.03,,,est2027,409.36,26479.68,64.69,70.85,outlier,True,True,18,487.3
Oradea,26564,55.01,70.02,,trim1,238.00,15867.48,66.67,73.02,outlier,True,True,17,446.3
Oradea,26564,55,70.02,,trim1,238.00,15867.48,66.67,73.02,outlier,True,True,17,446.3
Oradea,26564,71,67.02,,trim1,782.65,6772.48,8.653,9.477,outlier,True,False,14,381.8
Oradea,26564,42.02.88.03,,,trim2,34195.52,603.28,0.01764,0.01932,outlier,True,True,3,377.8
Oradea,26564,71.01,81.02,,trim4,500.00,25000.00,50,54.76,outlier,True,True,21,371.7
Oradea,26564,70,81.02,,trim4,500.00,25000.00,50,54.76,outlier,True,True,21,371.7
Oradea,26564,71.01.30,81.02,,trim4,500.00,25000.00,50,54.76,outlier,True,True,21,371.7
Oradea,26564,71,65.02,,trim1,201.94,11333.34,56.12,61.47,outlier,True,True,11,347.8
Oradea,26564,71.01,65.02,,trim1,201.94,11333.34,56.12,61.47,outlier,True,True,11,347.8
Oradea,26564,70,65.02,,trim1,201.94,11333.34,56.12,61.47,outlier,True,True,11,347.8
Oradea,26564,71.01.30,65.02,,trim1,201.94,10017.34,49.61,54.33,outlier,True,True,11,298.9
Oradea,26564,66.02.06,,,trim2,266075.83,23965.24,0.09007,0.09865,decimal_shift,True,True,13,240.4
Oradea,26564,66.02.06.01,,,trim2,266075.83,23965.24,0.09007,0.09865,decimal_shift,True,True,13,240.4
Oradea,26564,71.01.01,70.02,,trim3,400.00,14222.18,35.56,38.94,outlier,True,True,18,232.1
Oradea,26564,65.02.50,,,est2027,2066.72,53128.70,25.71,28.16,outlier,True,True,11,227.8
Oradea,26564,60,84.02,,trim2,43256.35,1378.42,0.03187,0.0349,outlier,True,True,22,220.9
Oradea,26564,66.02,,,trim2,273726.30,27913.49,0.102,0.1117,outlier,False,False,11,213.8
Oradea,26564,60.01,84.02,,trim2,34934.76,1175.14,0.03364,0.03684,outlier,True,True,22,199.1
Oradea,26564,60.03,84.02,,trim2,8321.59,203.28,0.02443,0.02675,outlier,True,True,22,197.2
Oradea,26564,58,50.02,,trim1,7927.00,139569.27,17.61,19.28,outlier,True,True,4,196.0
Oradea,26564,79,81.02,,trim2,487.50,14519.72,29.78,32.62,outlier,True,True,21,195.4
Oradea,26564,81.04,81.02,,trim2,487.50,14519.72,29.78,32.62,outlier,True,True,21,195.4
Oradea,26564,81,81.02,,trim2,487.50,14519.72,29.78,32.62,outlier,True,True,21,195.4
Oradea,26564,20.30,67.02,,trim2,36.00,1568.00,43.56,47.7,outlier,True,True,13,173.9
Oradea,26564,60,84.02,,trim3,31200.00,1200.00,0.03846,0.04212,outlier,True,True,22,169.6
Oradea,26564,60.01,84.02,,trim4,26800.00,1000.00,0.03731,0.04087,outlier,True,True,22,168.8
Oradea,26564,60.01,84.02,,trim3,26800.00,1000.00,0.03731,0.04087,outlier,True,True,22,168.8
Oradea,26564,60,84.02,,trim4,30900.00,1200.00,0.03883,0.04253,outlier,True,True,22,167.6
Oradea,26564,55.01.12,70.02,,trim2,292.00,8303.85,28.44,31.15,outlier,True,True,17,164.2
Oradea,26564,70.02.05,,,trim2,292.00,8303.85,28.44,31.15,outlier,True,True,19,164.2
Oradea,26564,70.02.05.01,,,trim2,292.00,8303.85,28.44,31.15,outlier,True,True,19,164.2
Oradea,26564,70.02.05,,,est2027,933.31,20000.00,21.43,23.47,outlier,True,True,19,151.3
Oradea,26564,70.02.05.01,,,est2027,933.31,20000.00,21.43,23.47,outlier,True,True,19,151.3
Oradea,26564,55.01.12,70.02,,trim3,292.00,7549.00,25.85,28.31,outlier,True,True,17,146.1
Oradea,26564,70.02.05,,,trim3,292.00,7549.00,25.85,28.31,outlier,True,True,19,146.1
Oradea,26564,70.02.05.01,,,trim3,292.00,7549.00,25.85,28.31,outlier,True,True,19,146.1
Oradea,26564,58.32.01,81.02,,trim1,207.00,5459.00,26.37,28.88,outlier,True,True,21,138.6
Oradea,26564,80.02,,,est2027,831.06,9351.30,11.25,12.32,outlier,False,False,20,133.5
Oradea,26564,81.04,84.02,,trim2,4195.77,59433.00,14.16,15.51,outlier,True,True,22,128.9
Oradea,26564,79,84.02,,trim2,4392.77,60015.00,13.66,14.96,outlier,True,True,22,124.6
Oradea,26564,81,84.02,,trim2,4392.77,60015.00,13.66,14.96,outlier,True,True,22,124.6
Oradea,26564,61,74.02,,trim2,25075.79,2500.00,0.0997,0.1092,outlier,False,True,19,124.4
Oradea,26564,85.01.01,70.02,,trim1,-4.60,-200.00,43.48,47.62,outlier,True,True,18,113.3
Oradea,26564,43.02,,,trim3,8000.00,373.25,0.04666,0.0511,outlier,True,True,4,102.3
Oradea,26564,43.02,,,trim4,8000.00,373.25,0.04666,0.0511,outlier,True,True,4,102.3
Oradea,26564,43.02,,,est2027,24314.01,1554.21,0.06392,0.07001,outlier,True,True,4,96.3
Oradea,26564,60.03,84.02,,trim3,4400.00,200.00,0.04545,0.04978,outlier,True,True,22,91.8
Oradea,26564,55.01.42,70.02,,trim2,5000.00,238.00,0.0476,0.05213,outlier,True,True,17,90.2
Oradea,26564,81,66.02,,trim4,1355.81,17614.44,12.99,14.23,outlier,True,True,13,89.1
Oradea,26564,79,66.02,,trim4,1355.81,17614.44,12.99,14.23,outlier,True,True,13,89.1
Oradea,26564,20.01.04,70.02,,trim1,3000.00,130.00,0.04333,0.04746,outlier,True,True,17,88.5
Oradea,26564,70,51.02,,trim3,3495.00,317.20,0.09076,0.0994,decimal_shift,True,True,6,87.4
Oradea,26564,71.01,51.02,,trim3,3495.00,317.20,0.09076,0.0994,decimal_shift,True,True,6,87.4
Oradea,26564,71,51.02,,trim3,3495.00,317.20,0.09076,0.0994,decimal_shift,True,True,6,87.4
Oradea,26564,61,84.02,,trim1,63000.00,5626.49,0.08931,0.09782,outlier,True,True,22,86.1
Oradea,26564,71.01.30,81.02,,trim1,95062.04,9538.29,0.1003,0.1099,outlier,True,True,21,84.4
Oradea,26564,71.01,81.02,,trim1,95062.04,9538.29,0.1003,0.1099,outlier,True,True,21,84.4
Oradea,26564,70,81.02,,trim1,95062.04,9538.29,0.1003,0.1099,outlier,True,True,21,84.4
Oradea,26564,60.03,84.02,,trim4,4100.00,200.00,0.04878,0.05343,outlier,True,True,22,84.2
Oradea,26564,42.02.89.02,,,trim1,36000.00,3135.78,0.08711,0.0954,outlier,True,True,3,77.4
Oradea,26564,61.02,84.02,,trim1,36000.00,3135.78,0.08711,0.0954,outlier,True,True,22,77.4
Oradea,26564,42.02.01,,,trim1,50000.00,4789.65,0.09579,0.1049,outlier,True,True,3,76.0
Oradea,26564,42.02.01.01,,,trim1,50000.00,4789.65,0.09579,0.1049,outlier,True,True,3,76.0
Oradea,26564,20.30,67.02,,trim3,1536.00,68.00,0.04427,0.04849,outlier,True,True,13,74.9
Oradea,26564,70,50.02,,trim4,8608.66,67479.88,7.839,8.585,outlier,True,True,5,73.5
Oradea,26564,71,50.02,,trim4,8608.66,67479.88,7.839,8.585,outlier,True,True,5,73.5
Oradea,26564,71,70.02,,trim4,2130.75,21274.18,9.984,10.94,outlier,True,True,18,71.5
Oradea,26564,70,70.02,,trim4,2130.75,21274.18,9.984,10.94,outlier,True,True,18,71.5
Oradea,26564,71.01,70.02,,trim4,2120.75,21024.18,9.914,10.86,outlier,True,True,18,70.8
Oradea,26564,71.03,70.02,,trim4,10.00,250.00,25,27.38,outlier,True,True,18,68.1
Oradea,26564,71,70.02,,trim3,4635.63,38037.11,8.205,8.987,outlier,True,True,18,67.2
Oradea,26564,70,70.02,,trim3,4635.63,38037.11,8.205,8.987,outlier,True,True,18,67.2
Oradea,26564,43.02,,,trim2,5664.56,373.25,0.06589,0.07217,outlier,True,True,4,67.0
Oradea,26564,80.02.01.10,,,est2027,831.06,9351.30,11.25,12.32,outlier,True,True,20,66.8
Oradea,26564,71.01,70.02,,trim3,4635.63,37037.11,7.99,8.751,outlier,True,True,18,65.1
Oradea,26564,61.03,84.02,,trim1,10000.00,839.50,0.08395,0.09195,outlier,True,True,22,59.8
Oradea,26564,60.03,66.02,,trim2,21952.80,2212.70,0.1008,0.1104,outlier,True,True,13,59.7
Oradea,26564,61.01,84.02,,trim1,17000.00,1651.21,0.09713,0.1064,outlier,True,True,22,58.4
Oradea,26564,03.02,,,trim4,3000.00,200.00,0.06667,0.07302,outlier,True,True,1,57.5
Oradea,26564,03.02.18,,,trim4,3000.00,200.00,0.06667,0.07302,outlier,True,True,1,57.5
Oradea,26564,66.02.06,,,trim1,3147.00,23199.94,7.372,8.074,outlier,True,True,13,53.9
Oradea,26564,66.02.06.01,,,trim1,3147.00,23199.94,7.372,8.074,outlier,True,True,13,53.9
Oradea,26564,70,67.02,,trim1,782.65,6772.48,8.653,9.477,outlier,True,True,14,47.7
Oradea,26564,71.01,67.02,,trim1,782.65,6622.48,8.462,9.267,outlier,True,True,14,46.4
Oradea,26564,55.01.18,65.02,,trim3,438.89,4108.76,9.362,10.25,outlier,True,True,10,46.2
Oradea,26564,55.01.12,70.02,,trim4,325.66,3218.00,9.881,10.82,outlier,True,True,17,46.2
Oradea,26564,55.01,70.02,,trim4,325.66,3218.00,9.881,10.82,outlier,True,True,17,46.2
Oradea,26564,70.02.05,,,trim4,325.66,3218.00,9.881,10.82,outlier,True,True,19,46.2
Oradea,26564,55,70.02,,trim4,325.66,3218.00,9.881,10.82,outlier,True,True,17,46.2
Oradea,26564,70.02.05.01,,,trim4,325.66,3218.00,9.881,10.82,outlier,True,True,19,46.2
Oradea,26564,20.30.30,70.02,,trim1,284.00,2773.70,9.767,10.7,outlier,True,True,17,44.2
Oradea,26564,71.01.30,67.02,,trim1,782.65,6250.56,7.986,8.747,outlier,True,True,14,43.3
Oradea,26564,67.02.06,,,est2027,410.40,3643.50,8.878,9.723,outlier,True,True,15,42.6
Oradea,26564,81.04,84.02,,trim1,458.84,3672.00,8.003,8.765,outlier,True,True,22,38.5
Oradea,26564,59.22,67.02,,trim1,15.00,215.00,14.33,15.7,outlier,True,True,14,37.9
Oradea,26564,20.02,68.02,,trim2,44.00,4.00,0.09091,0.09957,decimal_shift,True,True,15,35.9
Oradea,26564,20.05.01,65.02,,trim4,43.00,2.00,0.04651,0.05094,outlier,True,True,10,34.9
Oradea,26564,71.01.03,54.02,,trim2,20.00,250.00,12.5,13.69,outlier,True,True,7,34.1
Oradea,26564,71,54.02,,trim2,20.00,250.00,12.5,13.69,outlier,True,True,7,34.1
Oradea,26564,71.01,54.02,,trim2,20.00,250.00,12.5,13.69,outlier,True,True,7,34.1
Oradea,26564,70,54.02,,trim2,20.00,250.00,12.5,13.69,outlier,True,True,7,34.1
Oradea,26564,71.01.30,51.02,,trim3,2820.00,317.20,0.1125,0.1232,outlier,True,True,6,33.6
Oradea,26564,20.01.08,67.02,,trim3,23.00,1.00,0.04348,0.04762,outlier,True,True,13,33.5
Oradea,26564,20.05,67.02,,trim4,135.74,10.00,0.07367,0.08069,outlier,True,True,13,27.3
Oradea,26564,10.01.13,51.02,,trim3,1.00,9.00,9,9.857,decimal_shift,True,True,5,26.9
Oradea,26564,20.05.30,67.02,,trim4,130.74,10.00,0.07649,0.08377,outlier,True,True,13,26.2
Oradea,26564,20.05,61.02,,trim3,129.00,10.00,0.07752,0.0849,outlier,True,True,8,25.7
Oradea,26564,70,74.02,,trim1,40.00,302.20,7.555,8.275,outlier,True,True,19,21.4
Oradea,26564,20.05.03,65.02,,trim2,53.00,5.00,0.09434,0.1033,outlier,True,True,10,17.9
Oradea,26564,71.01.01,65.02,,trim4,21.00,2.00,0.09524,0.1043,outlier,True,True,11,15.1
Oradea,26564,71.01.01,67.02,,trim4,20.00,2.00,0.1,0.1095,outlier,True,True,14,14.2
Iași,95060,58,99.02,Varsaminte din sectiunea de functionare,est2026,24420.86,3.25,0.0001331,0.0001339,outlier,True,True,55,50395.2
Iași,95060,67.10.05.01,,Varsaminte din sectiunea de functionare pentru finantarea sectiunii de dezvoltare a bugetelui local,est2027,11356.69,30.00,0.002642,0.002659,outlier,True,False,77,17034.8
Iași,95060,67.10.05.01,,Varsaminte din sectiunea de functionare pentru finantarea sectiunii de dezvoltare a bugetelui local,est2026,11068.90,30.00,0.00271,0.002728,outlier,True,False,77,16506.3
Iași,95060,70,99.02,Varsaminte din sectiunea de functionare,credite_restante,17.85,35922.24,2012,2026,outlier,True,True,55,14955.8
Iași,95060,71,99.02,Varsaminte din sectiunea de functionare,credite_restante,17.85,35922.24,2012,2026,outlier,True,True,55,14955.8
Iași,95060,01,,Varsaminte din sectiunea de functionare pentru finantarea sectiunii de dezvoltare a bugetelui local,est2027,511974.39,13855.77,0.02706,0.02724,outlier,True,False,73,4074.8
Iași,95060,20,99.10,Varsaminte din sectiunea de functionare pentru finantarea sectiunii de dezvoltare a bugetelui local,est2027,1426.66,222594.11,156,157,outlier,False,False,72,3568.1
Iași,95060,20,99.10,Varsaminte din sectiunea de functionare pentru finantarea sectiunii de dezvoltare a bugetelui local,est2026,1390.50,215373.88,154.9,155.9,outlier,False,False,72,3514.4
Iași,95060,74.02,,Varsaminte din sectiunea de functionare,credite_restante,34.63,8756.70,252.9,254.5,outlier,False,False,38,2716.5
Iași,95060,74.02,,Varsaminte din sectiunea de functionare pentru finantarea sectiunii de dezvoltare a bugetelui local,credite_restante,34.63,8685.30,250.8,252.4,outlier,False,False,50,2689.4
Iași,95060,61.10,,Varsaminte din sectiunea de functionare,est2026,49130.99,392.02,0.007979,0.008031,outlier,False,True,79,1978.3
Iași,95060,67.02.03.03,,Varsaminte din sectiunea de functionare,est2027,16.00,6331.00,395.7,398.3,outlier,True,True,35,1975.4
Iași,95060,61.10,,Varsaminte din sectiunea de functionare,est2027,50408.42,408.09,0.008096,0.008148,outlier,False,True,79,1961.6
Iași,95060,67.02.03.03,,Varsaminte din sectiunea de functionare,est2026,16.00,6081.32,380.1,382.6,outlier,True,True,35,1880.4
Iași,95060,65.10.03.01,,Varsaminte din sectiunea de functionare pentru finantarea sectiunii de dezvoltare a bugetelui local,est2026,386.95,14973.80,38.7,38.95,outlier,True,False,75,1879.2
Iași,95060,65.10.03.01,,Varsaminte din sectiunea de functionare pentru finantarea sectiunii de dezvoltare a bugetelui local,est2027,394.36,14450.10,36.64,36.88,outlier,True,False,75,1765.0
Iași,95060,79.02,,Varsaminte din sectiunea de functionare,credite_restante,99.76,21836.18,218.9,220.3,outlier,True,True,38,1449.2
Iași,95060,67.10.05.01,,67.10.03 67.10.03.03 Servicii culturale Muzee,est2027,42.27,10850.02,256.7,258.4,outlier,True,True,70,1447.6
Iași,95060,67.10.05.01,,67.10.03 67.10.03.03 Servicii culturale Muzee,est2026,41.20,10422.69,253,254.6,outlier,True,True,70,1413.7
Iași,95060,74.02.05,,Varsaminte din sectiunea de functionare,credite_restante,34.63,8756.70,252.9,254.5,outlier,True,True,38,1358.3
Iași,95060,74.02.05,,Varsaminte din sectiunea de functionare pentru finantarea sectiunii de dezvoltare a bugetelui local,credite_restante,34.63,8685.30,250.8,252.4,outlier,True,True,51,1344.7
Iași,95060,20,74.02,Varsaminte din sectiunea de functionare pentru finantarea sectiunii de dezvoltare a bugetelui local,credite_restante,34.63,8685.30,250.8,252.4,outlier,True,True,50,1344.7
Iași,95060,74.02.05.01,,Varsaminte din sectiunea de functionare,credite_restante,34.63,8685.30,250.8,252.4,outlier,True,True,38,1344.7
Iași,95060,20,74.02,Varsaminte din sectiunea de functionare,credite_restante,34.63,8685.30,250.8,252.4,outlier,True,True,38,1344.7
Iași,95060,74.02.05.01,,Varsaminte din sectiunea de functionare pentru finantarea sectiunii de dezvoltare a bugetelui local,credite_restante,34.63,8685.30,250.8,252.4,outlier,True,True,51,1344.7
Iași,95060,67.02.03.03,,Varsaminte din sectiunea de functionare pentru finantarea sectiunii de dezvoltare a bugetelui local,est2027,16.00,4547.51,284.2,286.1,outlier,True,True,48,1317.6
Iași,95060,67.02.03.03,,Varsaminte din sectiunea de functionare pentru finantarea sectiunii de dezvoltare a bugetelui local,est2026,16.00,4369.04,273.1,274.8,outlier,True,True,48,1254.7
Iași,95060,61,99.02,Varsaminte din sectiunea de functionare,credite_restante,6029.66,27.25,0.004519,0.004549,outlier,True,True,55,1078.5
Iași,95060,61.10.03,,Varsaminte din sectiunea de functionare,est2026,49130.99,392.02,0.007979,0.008031,outlier,True,True,79,989.2
Iași,95060,61.10.03.04,,Varsaminte din sectiunea de functionare,est2026,49130.99,392.02,0.007979,0.008031,outlier,True,True,79,989.2
Iași,95060,59.10,,Varsaminte din sectiunea de functionare,est2026,49130.99,392.02,0.007979,0.008031,outlier,True,True,79,989.2
Iași,95060,61.10.03,,Varsaminte din sectiunea de functionare,est2027,50408.42,408.09,0.008096,0.008148,outlier,True,True,79,980.8
Iași,95060,61.10.03.04,,Varsaminte din sectiunea de functionare,est2027,50408.42,408.09,0.008096,0.008148,outlier,True,True,79,980.8
Iași,95060,59.10,,Varsaminte din sectiunea de functionare,est2027,50408.42,408.09,0.008096,0.008148,outlier,True,True,79,980.8
Iași,95060,65.10.03,,Varsaminte din sectiunea de functionare pentru finantarea sectiunii de dezvoltare a bugetelui local,est2026,823.87,15842.50,19.23,19.35,outlier,True,False,75,946.0
Iași,95060,65.10.03,,Varsaminte din sectiunea de functionare pentru finantarea sectiunii de dezvoltare a bugetelui local,est2027,834.20,15326.10,18.37,18.49,outlier,True,False,75,897.0
Iași,95060,70,70.02,Varsaminte din sectiunea de functionare,credite_restante,17.85,3255.66,182.4,183.6,outlier,True,True,37,785.1
Iași,95060,71,70.02,Varsaminte din sectiunea de functionare,credite_restante,17.85,3255.66,182.4,183.6,outlier,True,True,37,785.1
Iași,95060,54.10,,Varsaminte din sectiunea de functionare,est2026,14811.40,326.98,0.02208,0.02222,outlier,False,True,78,541.5
Iași,95060,54.10,,Varsaminte din sectiunea de functionare,est2027,15196.51,340.39,0.0224,0.02255,outlier,False,True,78,536.8
Iași,95060,67.10.05,,Varsaminte din sectiunea de functionare pentru finantarea sectiunii de dezvoltare a bugetelui local,credite_restante,412.06,5000.42,12.14,12.21,outlier,True,False,77,459.7
Iași,95060,67.10,,Varsaminte din sectiunea de functionare pentru finantarea sectiunii de dezvoltare a bugetelui local,credite_restante,412.06,5000.42,12.14,12.21,outlier,True,False,77,459.7
Iași,95060,79.02,,Varsaminte din sectiunea de functionare pentru finantarea sectiunii de dezvoltare a bugetelui local,credite_restante,99.76,8509.98,85.3,85.86,outlier,True,True,51,455.3
Iași,95060,66.10,,Varsaminte din sectiunea de functionare,est2026,440727.09,29203.85,0.06626,0.06669,outlier,False,False,79,401.3
Iași,95060,66.10,,Varsaminte din sectiunea de functionare,est2027,452185.77,30400.05,0.06723,0.06767,outlier,False,False,79,398.0
Iași,95060,70,99.02,Varsaminte din sectiunea de functionare,est2027,478720.23,18500.00,0.03864,0.0389,outlier,True,True,55,351.0
Iași,95060,71,99.02,Varsaminte din sectiunea de functionare,est2027,478720.23,18500.00,0.03864,0.0389,outlier,True,True,55,351.0
Iași,95060,81.02,,Varsaminte din sectiunea de functionare,credite_restante,99.76,3261.67,32.7,32.91,outlier,False,False,38,281.6
Iași,95060,64.10,,Varsaminte din sectiunea de functionare,est2026,527977.38,53423.73,0.1012,0.1018,decimal_shift,True,True,79,274.5
Iași,95060,67.02.03.12,,Varsaminte din sectiunea de functionare,est2026,2008.00,28.00,0.01394,0.01404,outlier,True,True,35,274.1
Iași,95060,54.10.10,,Varsaminte din sectiunea de functionare,est2026,14811.40,326.98,0.02208,0.02222,outlier,True,True,79,270.7
Iași,95060,54.10.10,,Varsaminte din sectiunea de functionare,est2027,15196.51,340.39,0.0224,0.02255,outlier,True,True,79,268.4
Iași,95060,74.02.05.02,,Varsaminte din sectiunea de functionare,est2026,5687.59,124.21,0.02184,0.02198,outlier,True,True,38,220.3
Iași,95060,66.10.06.01,,Varsaminte din sectiunea de functionare,est2026,440727.09,29203.85,0.06626,0.06669,outlier,True,True,79,200.7
Iași,95060,66.10.06.01,,Varsaminte din sectiunea de functionare,est2027,452185.77,30400.05,0.06723,0.06767,outlier,True,True,79,199.0
Iași,95060,61.02.05,,Varsaminte din sectiunea de functionare,est2026,9823.26,272.48,0.02774,0.02792,outlier,True,True,32,196.2
Iași,95060,81.02,,Varsaminte din sectiunea de functionare pentru finantarea sectiunii de dezvoltare a bugetelui local,credite_restante,99.76,2330.23,23.36,23.51,outlier,False,False,51,186.9
Iași,95060,81.02.06,,Varsaminte din sectiunea de functionare,credite_restante,99.76,3261.67,32.7,32.91,outlier,True,True,39,140.8
Iași,95060,71,84.02,Varsaminte din sectiunea de functionare,est2027,226667.39,18500.00,0.08162,0.08215,outlier,True,True,39,138.9
Iași,95060,70,84.02,Varsaminte din sectiunea de functionare,est2027,226667.39,18500.00,0.08162,0.08215,outlier,True,True,39,138.9
Iași,95060,64.10,,Varsaminte din sectiunea de functionare,est2027,541458.07,55629.89,0.1027,0.1034,outlier,True,True,79,136.0
Iași,95060,67.02,,Varsaminte din sectiunea de functionare,credite_restante,1213.81,12663.82,10.43,10.5,outlier,False,False,35,121.9
Iași,95060,00.01,,DEZVOLTARE,est2027,501952.07,57743.60,0.115,0.1158,outlier,True,True,52,119.3
Iași,95060,20.01,99.10,Varsaminte din sectiunea de functionare pentru finantarea sectiunii de dezvoltare a bugetelui local,credite_restante,399.30,5000.42,12.52,12.6,outlier,False,True,72,118.6
Iași,95060,20.01,67.10,Varsaminte din sectiunea de functionare pentru finantarea sectiunii de dezvoltare a bugetelui local,credite_restante,399.30,5000.42,12.52,12.6,outlier,False,True,77,118.6
Iași,95060,20,67.10,Varsaminte din sectiunea de functionare pentru finantarea sectiunii de dezvoltare a bugetelui local,credite_restante,412.06,5000.42,12.14,12.21,outlier,False,False,77,114.9
Iași,95060,20,81.02,Varsaminte din sectiunea de functionare pentru finantarea sectiunii de dezvoltare a bugetelui local,credite_restante,99.76,2330.23,23.36,23.51,outlier,True,True,51,93.4
Iași,95060,81.02.06,,Varsaminte din sectiunea de functionare pentru finantarea sectiunii de dezvoltare a bugetelui local,credite_restante,99.76,2330.23,23.36,23.51,outlier,True,True,51,93.4
Iași,95060,20,81.02,Varsaminte din sectiunea de functionare,credite_restante,99.76,2330.23,23.36,23.51,outlier,True,True,38,93.4
Iași,95060,84.02.50,,Varsaminte din sectiunea de functionare,est2027,212694.16,25557.00,0.1202,0.1209,outlier,True,True,39,92.9
Iași,95060,70.02.03.01,,Varsaminte din sectiunea de functionare,credite_restante,59.50,1511.42,25.4,25.57,outlier,True,True,37,92.5
Iași,95060,67.02.50,,Varsaminte din sectiunea de functionare,est2027,35297.78,3009.58,0.08526,0.08582,outlier,True,True,36,85.7
Iași,95060,01,,Varsaminte din sectiunea de functionare,credite_restante,11525.65,784.04,0.06803,0.06847,outlier,True,True,31,83.0
Iași,95060,50,99.02,Varsaminte din sectiunea de functionare pentru finantarea sectiunii de dezvoltare a bugetelui local,est2026,6052.49,50829.60,8.398,8.453,outlier,True,True,45,67.7
Iași,95060,50,54.02,Varsaminte din sectiunea de functionare pentru finantarea sectiunii de dezvoltare a bugetelui local,est2026,6052.49,50829.60,8.398,8.453,outlier,True,True,46,67.7
Iași,95060,54.02.05,,Varsaminte din sectiunea de functionare pentru finantarea sectiunii de dezvoltare a bugetelui local,est2026,6052.49,50829.60,8.398,8.453,outlier,True,True,46,67.7
Iași,95060,54.02.05,,Varsaminte din sectiunea de functionare,est2026,6052.49,50829.60,8.398,8.453,outlier,True,True,31,67.7
Iași,95060,50,54.02,Varsaminte din sectiunea de functionare,est2026,6052.49,50829.60,8.398,8.453,outlier,True,True,31,67.7
Iași,95060,50,99.02,Varsaminte din sectiunea de functionare pentru finantarea sectiunii de dezvoltare a bugetelui local,est2027,6209.85,50466.89,8.127,8.18,outlier,True,True,45,65.4
Iași,95060,50,54.02,Varsaminte din sectiunea de functionare pentru finantarea sectiunii de dezvoltare a bugetelui local,est2027,6209.85,50466.89,8.127,8.18,outlier,True,True,46,65.4
Iași,95060,50,54.02,Varsaminte din sectiunea de functionare,est2027,6209.85,50466.89,8.127,8.18,outlier,True,True,31,65.4
Iași,95060,54.02.05,,Varsaminte din sectiunea de functionare pentru finantarea sectiunii de dezvoltare a bugetelui local,est2027,6209.85,50466.89,8.127,8.18,outlier,True,True,46,65.4
Iași,95060,54.02.05,,Varsaminte din sectiunea de functionare,est2027,6209.85,50466.89,8.127,8.18,outlier,True,True,31,65.4
Iași,95060,56,99.02,Varsaminte din sectiunea de functionare,est2026,4067.19,285.92,0.0703,0.07076,outlier,True,True,55,63.5
Iași,95060,45.02,,Varsaminte din sectiunea de functionare,est2026,3268.63,228.74,0.06998,0.07044,outlier,True,True,29,60.8
Iași,95060,57,65.02,Varsaminte din sectiunea de functionare,est2026,34454.00,4211.00,0.1222,0.123,outlier,True,True,33,59.4
Iași,95060,57,65.02,Varsaminte din sectiunea de functionare pentru finantarea sectiunii de dezvoltare a bugetelui local,est2026,34454.00,4211.00,0.1222,0.123,outlier,True,True,47,59.4
Iași,95060,57,65.02,Varsaminte din sectiunea de functionare,est2027,35392.00,4354.00,0.123,0.1238,outlier,True,True,33,59.4
Iași,95060,57,65.02,Varsaminte din sectiunea de functionare pentru finantarea sectiunii de dezvoltare a bugetelui local,est2027,35392.00,4354.00,0.123,0.1238,outlier,True,True,47,59.4
Iași,95060,20.01.09,67.10,Varsaminte din sectiunea de functionare pentru finantarea sectiunii de dezvoltare a bugetelui local,credite_restante,399.30,5000.42,12.52,12.6,outlier,True,True,77,59.3
Iași,95060,20.01.09,99.10,Varsaminte din sectiunea de functionare pentru finantarea sectiunii de dezvoltare a bugetelui local,credite_restante,399.30,5000.42,12.52,12.6,outlier,True,True,72,59.3
Iași,95060,01,,Varsaminte din sectiunea de functionare pentru finantarea sectiunii de dezvoltare a bugetelui local,credite_restante,412.06,5000.42,12.14,12.21,outlier,True,True,71,57.5
Iași,95060,64.10,,Varsaminte din sectiunea de functionare pentru finantarea sectiunii de dezvoltare a bugetelui local,credite_restante,412.06,5000.42,12.14,12.21,outlier,True,True,74,57.5
Iași,95060,64.02,,Varsaminte din sectiunea de functionare pentru finantarea sectiunii de dezvoltare a bugetelui local,credite_restante,1213.81,9712.20,8.001,8.054,outlier,True,True,47,44.0
Iași,95060,56,99.02,Varsaminte din sectiunea de functionare,est2027,2234.92,216.31,0.09679,0.09742,outlier,True,True,55,40.4
Iași,95060,45.02,,Varsaminte din sectiunea de functionare,est2027,1811.21,173.05,0.09554,0.09617,outlier,True,True,29,39.1
Iași,95060,61,70.02,Varsaminte din sectiunea de functionare,credite_restante,374.28,27.25,0.07281,0.07328,outlier,True,True,37,36.8
Iași,95060,66.02.06.01,,Varsaminte din sectiunea de functionare pentru finantarea sectiunii de dezvoltare a bugetelui local,est2026,59.00,611.00,10.36,10.42,outlier,True,True,48,31.1
Iași,95060,66.02.06,,Varsaminte din sectiunea de functionare pentru finantarea sectiunii de dezvoltare a bugetelui local,est2026,59.00,611.00,10.36,10.42,outlier,True,True,48,31.1
Iași,95060,42.02.93,,Varsaminte din sectiunea de functionare,est2026,518.10,57.18,0.1104,0.1111,outlier,True,True,28,26.0
Iași,95060,42.02.93.03,,Varsaminte din sectiunea de functionare,est2026,518.10,57.18,0.1104,0.1111,outlier,True,True,29,26.0
Deva,86687,01,,810205 Rambursari de credite aferente datoriei,trim1,18873.00,28420512531239,1.506e+09,1.696e+09,outlier,True,False,226,15671173772856.2
Deva,86687,74.02,,810205 Rambursari de credite aferente datoriei,trim1,18873.00,28549911,1513,1704,outlier,True,False,226,504987.5
Deva,86687,20.30,20.01.30,200130 Alte bunuri si servicii pentru,trim1,12.00,8053.90,671.2,755.9,outlier,False,True,236,7917.0
Deva,86687,55.01,20.01.30,200130 Alte bunuri si servicii pentru,trim1,2378.00,2.70,0.001135,0.001279,outlier,False,True,272,6242.7
Deva,86687,55,20.01.30,200130 Alte bunuri si servicii pentru,trim1,2378.00,2.70,0.001135,0.001279,outlier,False,True,272,6242.7
Deva,86687,20,20.01.30,200130 Alte bunuri si servicii pentru,trim1,4641.30,7.00,0.001508,0.001699,outlier,False,False,241,5447.7
Deva,86687,71.01.30,71.01.02,"710102 Masini, echipamente si mijloace de",trim1,20598.03,24.00,0.001165,0.001312,outlier,True,True,275,4945.4
Deva,86687,00.01.10,,,trim1,4793.85,35.40,0.007384,0.008317,outlier,True,False,169,4482.8
Deva,86687,30.02.05.01,,,est2026,9336.00,27.00,0.002892,0.003257,outlier,False,True,50,3324.7
Deva,86687,00.12,,,est2027,734.00,32856.00,44.76,50.42,outlier,True,False,28,2916.8
Deva,86687,30.02.05.01,,,trim1,1400.00,4.30,0.003071,0.003459,outlier,False,True,50,2057.3
Deva,86687,00.01.10,,200130 Alte bunuri si servicii pentru,trim1,4793.85,22.00,0.004589,0.005169,outlier,False,False,275,1803.3
Deva,86687,20.30,20.01.08,"200108 Posta, telecomunicatii, radio, tv,",trim1,6.00,2180.00,363.3,409.2,outlier,True,True,239,1602.7
Deva,86687,30.02.05.30,,,trim1,3.19,1200.00,376.2,423.7,outlier,True,True,50,1458.7
Deva,86687,20.02,20.01.30,200130 Alte bunuri si servicii pentru,total_2026,150.00,15000.00,100,112.6,outlier,False,False,252,1359.1
Deva,86687,11.02.06,,,trim1,555.00,75738.00,136.5,153.7,outlier,True,True,29,1351.7
Deva,86687,20,10.03.05,100305 Prime de asigurare viata platite,est2026,77258.00,1054.00,0.01364,0.01537,outlier,False,False,217,1150.1
Deva,86687,20.05,20.01.30,200130 Alte bunuri si servicii pentru,trim1,5.00,803.13,160.6,180.9,outlier,False,True,235,1144.0
Deva,86687,20.30.04,20.01.30,200130 Alte bunuri si servicii pentru,trim1,20.00,2503.00,125.2,141,outlier,False,True,236,1138.0
Deva,86687,20.05.30,20.01.30,200130 Alte bunuri si servicii pentru,trim1,5.00,782.03,156.4,176.2,outlier,False,True,235,1107.7
Deva,86687,00.14,,,trim1,1466.57,35.40,0.02414,0.02719,outlier,True,False,169,1057.6
Deva,86687,36.02,,,est2026,28575.00,232.00,0.008119,0.009144,outlier,True,True,67,765.6
Deva,86687,20.30.30,20.01.08,"200108 Posta, telecomunicatii, radio, tv,",trim1,6.00,1130.00,188.3,212.1,outlier,True,True,239,721.0
Deva,86687,20.02,20.01.30,200130 Alte bunuri si servicii pentru,trim1,325.06,16799.96,51.68,58.21,outlier,False,True,234,720.9
Deva,86687,65.10,,,est2026,8637.00,575.00,0.06657,0.07498,outlier,True,False,188,567.6
Deva,86687,65.10,,,est2027,8859.00,598.00,0.0675,0.07603,outlier,True,False,188,563.0
Deva,86687,20.01,20.01.08,"200108 Posta, telecomunicatii, radio, tv,",trim1,3490.00,50.00,0.01433,0.01614,outlier,False,False,240,538.3
Deva,86687,20.01.03,20.01.08,"200108 Posta, telecomunicatii, radio, tv,",trim1,2800.00,20.00,0.007143,0.008045,outlier,True,True,240,514.2
Deva,86687,63.10,,,est2026,17742.00,200,0.01127,0.0127,outlier,True,True,167,493.9
Deva,86687,00.02.10,,200130 Alte bunuri si servicii pentru,trim1,1544.37,22.00,0.01425,0.01604,outlier,False,False,275,453.0
Deva,86687,10,29.02,200130 Alte bunuri si servicii pentru,trim1,1544.37,22.00,0.01425,0.01604,outlier,False,False,275,453.0
Deva,86687,20,20.01.08,"200108 Posta, telecomunicatii, radio, tv,",trim1,4511.00,86.00,0.01906,0.02147,outlier,False,False,240,428.2
Deva,86687,60.10,,,est2026,17742.00,486.00,0.02739,0.03085,outlier,False,True,183,406.5
Deva,86687,20.01.01,02,Varsaminte din sectiunea de functionare,total_2026,100.00,4000.00,40,45.05,outlier,False,False,90,403.3
Deva,86687,10.02,10.01.12,100112 Indemnizatii platite unor persoane din,trim1,3.20,400.00,125,140.8,outlier,True,True,234,385.2
Deva,86687,10.01,60.10,,trim1,5197.78,58.37,0.01123,0.01265,outlier,True,True,183,375.2
Deva,86687,60.10,,,est2027,18203.00,598.00,0.03285,0.037,outlier,False,False,187,340.9
Deva,86687,59,20.01.30,200130 Alte bunuri si servicii pentru,trim1,500.00,12376.50,24.75,27.88,outlier,False,False,247,321.9
Deva,86687,30.10,,,trim1,77.80,1.00,0.01285,0.01448,outlier,False,True,172,274.2
Deva,86687,33.10,,,trim1,1434.58,35.40,0.02468,0.02779,outlier,False,False,169,257.4
Deva,86687,20.30.04,20.01.30,200130 Alte bunuri si servicii pentru,total_2026,20.00,725.00,36.25,40.83,outlier,False,False,252,252.7
Deva,86687,59.12,20.01.30,200130 Alte bunuri si servicii pentru,trim1,555.00,10282.00,18.53,20.87,outlier,False,True,247,231.0
Deva,86687,20.01.06,20.01.05,"200105 Carburanti,lubrifianti si combustibili",total_2026,2.80,130.80,46.71,52.61,outlier,False,True,212,230.5
Deva,86687,10.01,60.10,,est2027,18203.00,487.00,0.02675,0.03013,outlier,True,True,183,209.3
Deva,86687,10.01,60.10,,est2026,17742.00,486.00,0.02739,0.03085,outlier,True,True,183,203.2
Deva,86687,00.14,,,est2026,30210.00,935.99,0.03098,0.0349,outlier,True,True,51,203.2
Deva,86687,20.30.01,20.01.30,200130 Alte bunuri si servicii pentru,trim1,19.00,521.00,27.42,30.88,outlier,False,True,236,178.4
Deva,86687,42.02,,420002 Subventii de la alte nivele ale,trim1,21669.00,728.00,0.0336,0.03784,outlier,True,True,232,173.5
Deva,86687,20.04.04,20.01.30,200130 Alte bunuri si servicii pentru,trim1,5.00,257.40,51.48,57.98,outlier,True,True,235,145.1
Deva,86687,30.10.05.30,,,trim1,77.80,1.00,0.01285,0.01448,outlier,True,True,172,137.1
Deva,86687,00.13,,,trim1,77.80,1.00,0.01285,0.01448,outlier,True,True,172,137.1
Deva,86687,20.30.30,20.01.30,200130 Alte bunuri si servicii pentru,trim1,200.00,4895.90,24.48,27.57,outlier,True,True,236,129.1
Deva,86687,00.14,,,est2027,30991.00,1652.00,0.05331,0.06004,outlier,True,True,51,118.8
Deva,86687,20.30,20.01.30,200130 Alte bunuri si servicii pentru,total_2026,413.67,36.00,0.08703,0.09802,decimal_shift,False,True,218,112.4
Deva,86687,10.01,10,,trim1,1010.78,56.00,0.0554,0.0624,outlier,False,False,172,106.4
Deva,86687,03.02,,,trim1,2001.84,132.80,0.06634,0.07472,outlier,False,True,49,102.9
Deva,86687,63.10,,,est2027,18203.00,1017.00,0.05587,0.06293,outlier,True,True,167,100.2
Deva,86687,01,,"200108 Posta, telecomunicatii, radio, tv,",trim1,5951.00,525.31,0.08827,0.09942,decimal_shift,True,True,240,98.4
Deva,86687,20.06,20.01.30,200130 Alte bunuri si servicii pentru,trim1,3.00,66.80,22.27,25.08,outlier,False,True,235,96.8
Deva,86687,20,60.10,,est2026,10947.00,575.00,0.05253,0.05916,outlier,True,True,187,94.9
Deva,86687,20,60.10,,est2027,11229.00,598.00,0.05325,0.05998,outlier,True,True,187,94.1
Deva,86687,20.04,20.01.30,200130 Alte bunuri si servicii pentru,trim1,18.00,272.40,15.13,17.04,outlier,False,True,235,86.3
Deva,86687,20.01,10,,trim1,1733.64,138.00,0.0796,0.08966,outlier,False,False,180,83.1
Deva,86687,42.02.88.01,,Varsaminte din sectiunea de functionare,est2026,50.0,1090.00,21.8,24.55,outlier,True,True,31,82.8
Deva,86687,20.11,20.01.30,200130 Alte bunuri si servicii pentru,trim1,1.00,21.50,21.5,24.22,outlier,False,True,235,76.4
Deva,86687,20.13,20.01.30,200130 Alte bunuri si servicii pentru,trim1,5.00,77.76,15.55,17.52,outlier,False,True,235,69.5
Deva,86687,20.01.03,10,,trim1,166.38,10.00,0.0601,0.06769,outlier,False,False,180,67.8
Deva,86687,10.03.07,10.03.05,100305 Prime de asigurare viata platite,trim1,52.00,511.90,9.844,11.09,outlier,False,True,234,63.8
Deva,86687,20.06.01,20.01.30,200130 Alte bunuri si servicii pentru,trim1,3.00,46.80,15.6,17.57,outlier,False,True,235,63.5
Deva,86687,10,65.10,,est2027,934.00,102.00,0.1092,0.123,outlier,False,False,196,53.1
Deva,86687,15.02,,,est2026,740,78.00,0.1054,0.1187,outlier,False,False,29,52.4
Deva,86687,03.02.18,,,trim1,2001.84,132.80,0.06634,0.07472,outlier,True,True,49,51.5
Deva,86687,10.03.07,10,,trim1,24.53,1.38,0.05626,0.06336,outlier,False,False,172,50.9
Deva,86687,20.01.09,20.01.05,"200105 Carburanti,lubrifianti si combustibili",trim1,1180.40,76.33,0.06466,0.07283,outlier,True,True,243,47.1
Deva,86687,01,65.10,,est2026,8637.00,949.00,0.1099,0.1238,outlier,True,True,173,43.0
Deva,86687,20.03,20.01.30,200130 Alte bunuri si servicii pentru,trim1,20.00,155.34,7.767,8.748,outlier,False,True,234,39.6
Deva,86687,20.01.04,42.00.02,420002 Subventii de la alte nivele ale,trim1,26.35,251.50,9.545,10.75,outlier,True,True,269,26.8
Alexandria,151790,20.01.03,65.02,,trim2,5.00,998.80,199.8,199.8,outlier,True,True,8,661.4
Alexandria,151790,20.01,65.02,,trim2,38.00,2126.69,55.97,55.97,outlier,False,True,8,436.0
Alexandria,151790,20.01,65.02,,trim4,8.00,555.56,69.44,69.44,outlier,False,True,8,406.6
Alexandria,151790,20.01.04,65.02,,trim2,2.00,251.70,125.8,125.8,outlier,True,True,8,313.6
Alexandria,151790,20,65.02,,trim2,38.00,2841.49,74.78,74.78,outlier,True,True,8,310.4
Alexandria,151790,20,65.02,,trim4,8.00,752.46,94.06,94.06,outlier,True,True,8,293.3
Alexandria,151790,20.01.04,65.02,,trim3,1.00,132.50,132.5,132.5,outlier,True,True,8,291.0
Alexandria,151790,20.01,65.02,,trim3,29.00,902.15,31.11,31.11,outlier,False,True,8,201.6
Alexandria,151790,20,65.02,,trim3,29.00,1458.05,50.28,50.28,outlier,True,True,8,180.5
Alexandria,151790,20.01.08,65.02,,trim3,1.00,74.00,74,74,outlier,True,True,8,145.5
Alexandria,151790,11.02.06,,,trim1,350.00,8309.00,23.74,23.74,outlier,True,True,1,125.2
Alexandria,151790,20.01,66.02,,trim3,1.00,11.00,11,11,outlier,True,False,9,124.1
Alexandria,151790,20.01.03,65.02,,trim4,5.00,232.25,46.45,46.45,outlier,True,True,8,113.9
Alexandria,151790,33.02.50,,,trim4,570.00,15.00,0.02632,0.02632,outlier,True,True,2,111.8
Alexandria,151790,20.01.01,65.02,,trim3,1.00,58.70,58.7,58.7,outlier,True,True,8,110.6
Alexandria,151790,37.02.03,,,trim2,-230.00,-5219.12,22.69,22.69,outlier,True,True,2,107.8
Alexandria,151790,37.02.04,,,trim2,230.00,5219.12,22.69,22.69,outlier,True,True,2,107.8
Alexandria,151790,20.01.03,65.02,,trim3,5.00,215.99,43.2,43.2,outlier,True,True,8,104.4
Alexandria,151790,68.02.06,,,trim4,196.50,4.50,0.0229,0.0229,outlier,True,True,12,103.6
Alexandria,151790,61.03,65.02,,trim3,73.35,1862.91,25.4,25.4,outlier,True,True,9,96.1
Alexandria,151790,20.01.01,65.02,,trim2,2.00,87.70,43.85,43.85,outlier,True,True,8,89.0
Alexandria,151790,61,65.02,,trim3,810.88,11799.14,14.55,14.55,outlier,True,True,9,83.1
Alexandria,151790,65.02.50,,,est2027,5113.62,299.20,0.05851,0.05851,outlier,True,True,9,80.8
Alexandria,151790,20.01.08,65.02,,trim2,2.00,80.75,40.38,40.38,outlier,True,True,8,80.7
Alexandria,151790,20.01.30,65.02,,trim4,3.00,112.61,37.54,37.54,outlier,True,True,8,79.9
Alexandria,151790,61.01,65.02,,trim3,737.53,9936.23,13.47,13.47,outlier,True,True,9,74.0
Alexandria,151790,71.01.30,51.02,,trim2,45.00,450.00,10,10,decimal_shift,True,True,5,56.1
Alexandria,151790,71.01,51.02,,trim2,45.00,450.00,10,10,decimal_shift,True,True,5,56.1
Alexandria,151790,71,51.02,,trim2,45.00,450.00,10,10,decimal_shift,True,True,5,56.1
Alexandria,151790,70,51.02,,trim2,45.00,450.00,10,10,decimal_shift,True,True,5,56.1
Alexandria,151790,33.02.50,,,est2027,2533.00,190.00,0.07501,0.07501,outlier,True,True,2,54.0
Alexandria,151790,30.02.08,,,trim3,25.00,475.00,19,19,outlier,True,True,2,53.9
Alexandria,151790,30.02.08.03,,,trim3,25.00,475.00,19,19,outlier,True,True,2,53.9
Alexandria,151790,20.01.30,65.02,,trim2,25.00,457.50,18.3,18.3,outlier,True,True,8,51.5
Alexandria,151790,67.02.03.30,,,trim4,200.00,20.00,0.1,0.1,decimal_shift,True,True,11,47.6
Alexandria,151790,67.02.03,,,trim4,200.00,20.00,0.1,0.1,decimal_shift,True,True,11,47.6
Alexandria,151790,20.14,70.02,,trim2,180.00,18.00,0.1,0.1,decimal_shift,True,True,13,46.6
Alexandria,151790,20.02,65.02,,trim1,18.00,314.00,17.44,17.44,outlier,True,True,8,45.4
Alexandria,151790,20.30.01,51.02,,trim3,10.00,100.00,10,10,decimal_shift,True,True,5,41.6
Alexandria,151790,71.01.30,51.02,,trim1,45.00,600.00,13.33,13.33,outlier,True,True,5,39.7
Alexandria,151790,71.01,51.02,,trim1,45.00,600.00,13.33,13.33,outlier,True,True,5,39.7
Alexandria,151790,71,51.02,,trim1,45.00,600.00,13.33,13.33,outlier,True,True,5,39.7
Alexandria,151790,70,51.02,,trim1,45.00,600.00,13.33,13.33,outlier,True,True,5,39.7
Alexandria,151790,20.01.09,84.02,,trim3,50.00,5.00,0.1,0.1,decimal_shift,True,True,14,36.6
Alexandria,151790,33.02.50,,,trim1,700.00,60.00,0.08571,0.08571,outlier,True,True,2,35.8
Alexandria,151790,33.02.50,,,trim3,600.00,50.00,0.08333,0.08333,outlier,True,True,2,35.7
Alexandria,151790,33.02,,,trim4,597.00,52.00,0.0871,0.0871,outlier,True,True,2,34.1
Alexandria,151790,20.01.01,51.02,,trim4,30.00,3.00,0.1,0.1,decimal_shift,True,True,4,33.4
Alexandria,151790,33.02.50,,,trim2,650.00,60.00,0.09231,0.09231,outlier,True,True,2,32.8
Alexandria,151790,20.05.30,66.02,,trim1,1.00,10.00,10,10,decimal_shift,True,True,10,27.8
Alexandria,151790,20.01.30,65.02,,trim3,20.00,206.16,10.31,10.31,outlier,True,True,8,24.7
Alexandria,151790,20.05,61.02,,trim2,2.50,35.00,14,14,outlier,True,True,7,24.0
Alexandria,151790,20.04,65.02,,trim1,1.00,11.50,11.5,11.5,outlier,True,True,8,16.3
Alexandria,151790,20.06.01,65.02,,trim1,14.70,1.50,0.102,0.102,outlier,True,True,8,14.5
Alexandria,151790,20.06,65.02,,trim1,14.70,1.50,0.102,0.102,outlier,True,True,8,14.5
Alexandria,151790,20.01.03,61.02,,trim1,1.00,8.00,8,8,outlier,True,True,7,10.7
Suceava,146263,67.02,,Varsaminte din sectiunea de functionare,credite_restante,16374,5080830,310.3,181.2,outlier,False,False,33,8784.5
Suceava,146263,70,99.02,Varsaminte din sectiunea de functionare,credite_restante,48475,21109182,435.5,254.3,outlier,True,True,97,8745.8
Suceava,146263,70,,Varsaminte din sectiunea de functionare,credite_restante,48475,21109182,435.5,254.3,outlier,True,True,16,8745.8
Suceava,146263,71,,Varsaminte din sectiunea de functionare,credite_restante,48475,21109182,435.5,254.3,outlier,True,True,16,8745.8
Suceava,146263,71,99.02,Varsaminte din sectiunea de functionare,credite_restante,48475,21109182,435.5,254.3,outlier,True,True,97,8745.8
Suceava,146263,71.01,,Varsaminte din sectiunea de functionare,credite_restante,48475,21036149,434,253.4,outlier,True,True,16,8708.1
Suceava,146263,71.01,99.02,Varsaminte din sectiunea de functionare,credite_restante,48475,21036149,434,253.4,outlier,True,True,97,8708.1
Suceava,146263,71.01.01,99.02,Varsaminte din sectiunea de functionare,credite_restante,48475,14558685,300.3,175.4,outlier,True,True,97,5504.6
Suceava,146263,71.01.01,,Varsaminte din sectiunea de functionare,credite_restante,48475,14558685,300.3,175.4,outlier,True,True,16,5504.6
Suceava,146263,67.02.05,,Varsaminte din sectiunea de functionare,credite_restante,16374,4480701,273.6,159.8,outlier,True,True,38,3756.1
Suceava,146263,67.02.05.03,,Varsaminte din sectiunea de functionare,credite_restante,16374,4480701,273.6,159.8,outlier,True,True,38,3756.1
Suceava,146263,71,70.02,Varsaminte din sectiunea de functionare,credite_restante,48475,9047355,186.6,109,outlier,True,True,44,3043.3
Suceava,146263,70,70.02,Varsaminte din sectiunea de functionare,credite_restante,48475,9047355,186.6,109,outlier,True,True,44,3043.3
Suceava,146263,71.01,70.02,Varsaminte din sectiunea de functionare,credite_restante,48475,9047355,186.6,109,outlier,True,True,45,3043.3
Suceava,146263,70.02.06,,Varsaminte din sectiunea de functionare,credite_restante,4077,1103637,270.7,158.1,outlier,True,True,45,2640.9
Suceava,146263,84.02,,Varsaminte din sectiunea de functionare,credite_restante,169459,11716680,69.14,40.38,outlier,False,False,51,2402.7
Suceava,146263,71.01.01,70.02,Varsaminte din sectiunea de functionare,credite_restante,48475,7470436,154.1,90,outlier,True,True,45,2397.5
Suceava,146263,68.02,,Varsaminte din sectiunea de functionare,credite_restante,53171,1156786,21.76,12.71,outlier,True,False,38,1717.5
Suceava,146263,69.02,,Varsaminte din sectiunea de functionare,credite_restante,356606,24745367,69.39,40.52,outlier,True,True,42,1449.3
Suceava,146263,70.02,,Varsaminte din sectiunea de functionare,credite_restante,356606,12813202,35.93,20.98,outlier,False,False,42,1276.4
Suceava,146263,84.02.03,,Varsaminte din sectiunea de functionare,credite_restante,169459,11716680,69.14,40.38,outlier,True,True,54,1201.4
Suceava,146263,20.06.01,99.02,Varsaminte din sectiunea de functionare pentru finantarea sectiunii de dezvoltare a bugetelui local,credite_restante,25241,334,0.01323,0.007727,outlier,True,True,62,880.3
Suceava,146263,20.06,,Varsaminte din sectiunea de functionare,credite_restante,25241,334,0.01323,0.007727,outlier,True,True,10,880.3
Suceava,146263,20.06.01,,Varsaminte din sectiunea de functionare,credite_restante,25241,334,0.01323,0.007727,outlier,True,True,10,880.3
Suceava,146263,20.06,99.02,Varsaminte din sectiunea de functionare pentru finantarea sectiunii de dezvoltare a bugetelui local,credite_restante,25241,334,0.01323,0.007727,outlier,True,True,62,880.3
Suceava,146263,20.13,99.02,Varsaminte din sectiunea de functionare pentru finantarea sectiunii de dezvoltare a bugetelui local,credite_restante,600,70527,117.5,68.64,outlier,True,True,62,593.6
Suceava,146263,20.13,,Varsaminte din sectiunea de functionare,credite_restante,600,70527,117.5,68.64,outlier,True,True,11,593.6
Suceava,146263,20.04,99.02,Varsaminte din sectiunea de functionare pentru finantarea sectiunii de dezvoltare a bugetelui local,credite_restante,90904,6603,0.07264,0.04242,outlier,True,True,62,216.5
Suceava,146263,20.04,,Varsaminte din sectiunea de functionare,credite_restante,90904,6603,0.07264,0.04242,outlier,True,True,10,216.5
Suceava,146263,60,65.02,Varsaminte din sectiunea de functionare,credite_restante,53384,4046,0.07579,0.04426,outlier,True,True,30,183.0
Suceava,146263,65.02.50,,Varsaminte din sectiunea de functionare,credite_restante,53384,4046,0.07579,0.04426,outlier,True,True,31,183.0
Suceava,146263,60.02,65.02,Varsaminte din sectiunea de functionare,credite_restante,44860,3400,0.07579,0.04426,outlier,True,True,30,175.7
Suceava,146263,68.02.15.02,,Varsaminte din sectiunea de functionare,credite_restante,53171,756786,14.23,8.312,outlier,True,True,41,126.7
Suceava,146263,68.02.15,,Varsaminte din sectiunea de functionare,credite_restante,53171,756786,14.23,8.312,outlier,True,True,41,126.7
Suceava,146263,60.03,65.02,Varsaminte din sectiunea de functionare,credite_restante,8524,646,0.07579,0.04426,outlier,True,True,30,119.9
Suceava,146263,20.04.02,,Varsaminte din sectiunea de functionare,credite_restante,51569,6603,0.128,0.07477,outlier,True,True,10,107.5
Suceava,146263,20.04.02,99.02,Varsaminte din sectiunea de functionare pentru finantarea sectiunii de dezvoltare a bugetelui local,credite_restante,51569,6603,0.128,0.07477,outlier,True,True,62,107.5
Brăila,42682,99.02,,SECTIUNEA DE DEZVOLTARE,est2026,1380.00,817758,592.6,637.1,outlier,True,False,167,79188.9
Brăila,42682,10,99.02,SECTIUNEA DE FUNCTIONARE,est2026,5681.14,5.00,0.0008801,0.0009463,outlier,True,False,104,40924.7
Brăila,42682,57,01.10,SECTIUNEA DE FUNCTIONARE + SECTIUNE DE DEZVOLTARE,est2027,11.39,491.07,43.11,46.36,outlier,True,False,155,1058.3
Brăila,42682,40,,TOTAL CHELTUIELISECTIUNEA DE FUNCTIONARE (cod 01+79+83+84),est2027,5300.00,65320.00,12.32,13.25,outlier,True,False,243,900.4
Brăila,42682,10,99.02,SECTIUNEA DE FUNCTIONARE,est2027,5828.85,369.23,0.06335,0.06811,outlier,True,False,99,571.9
Brăila,42682,57,,TOTAL CHELTUIELI (SECTIUNEA DE FUNCTIONARE + SECTIUNEA DE DEZVOLTARE),est2027,4137.50,34.00,0.008218,0.008836,outlier,True,True,197,510.4
Brăila,42682,57,01.10,SECTIUNEA DE FUNCTIONARE,est2026,1089,8.01,0.007355,0.007909,outlier,True,True,60,426.4
Brăila,42682,20,,TOTAL CHELTUIELISECTIUNEA DE FUNCTIONARE (cod 01+79+83+84),est2027,2315.00,17480.00,7.551,8.119,outlier,True,False,45,405.9
Brăila,42682,20,,TOTAL CHELTUIELISECTIUNEA DE FUNCTIONARE (cod 01+79+83+84),est2026,2270.00,17020.00,7.498,8.062,outlier,True,False,45,400.6
Brăila,42682,99.02.96,,,est2026,183.27,11487.00,62.68,67.39,outlier,True,True,200,382.5
Brăila,42682,99.02.96,,,est2027,188.91,11488.00,60.81,65.39,outlier,True,True,200,371.2
Brăila,42682,01.10,,SECTIUNEA DE FUNCTIONARE,est2026,6.00,359.98,60,64.51,outlier,False,False,99,345.5
Brăila,42682,59,,TOTAL CHELTUIELISECTIUNEA DE FUNCTIONARE (cod 01+79+83+84),est2026,70.00,830.00,11.86,12.75,outlier,True,False,46,324.7
Brăila,42682,49.02.01,,SECTIUNEA DE FUNCTIONARE,est2027,8702.89,369.23,0.04243,0.04562,outlier,False,False,99,233.7
Brăila,42682,01.10,,SECTIUNEA DE FUNCTIONARE,est2027,6.00,147.54,24.59,26.44,outlier,False,False,60,118.6
Brăila,42682,40,,TOTAL CHELTUIELI (SECTIUNEA DE FUNCTIONARE + SECTIUNEA DE DEZVOLTARE),est2027,5300.00,65320.00,12.32,13.25,outlier,True,True,242,112.6
Brăila,42682,40,,TOTAL CHELTUIELI (SECTIUNEA DE FUNCTIONARE + SECTIUNEA DE DEZVOLTARE),est2026,5300.00,60410.00,11.4,12.26,outlier,True,True,242,102.2
Brăila,42682,51,,TOTAL CHELTUIELI SECTIUNEA DE DEZVOLTARE (cod 51+55+56+70+79+84),est2026,422.00,3963.00,9.391,10.1,decimal_shift,True,True,205,90.2
Brăila,42682,42.02,,Varsaminte din sectiunea de functionare,est2027,17868.50,1585.04,0.08871,0.09538,outlier,True,True,24,65.9
Brăila,42682,51,,TOTAL CHELTUIELI SECTIUNEA DE DEZVOLTARE (cod 51+55+56+70+79+84),est2027,433.00,4169.00,9.628,10.35,outlier,True,True,205,46.8
Brăila,42682,39.02.01,,Varsaminte din sectiunea de functionare,est2026,1250.00,88.00,0.0704,0.0757,outlier,True,True,24,45.9
Brăila,42682,39.02.01,,Varsaminte din sectiunea de functionare,est2027,1280.00,92.00,0.07187,0.07728,outlier,True,True,24,45.2
Brăila,42682,57,,SECTIUNEA DE FUNCTIONARE + SECTIUNE DE DEZVOLTARE,est2026,10.09,93.09,9.226,9.92,decimal_shift,True,True,161,40.7
Brăila,42682,57,,SECTIUNEA DE FUNCTIONARE + SECTIUNE DE DEZVOLTARE,est2027,10.41,95.36,9.16,9.849,decimal_shift,True,True,161,40.6
Brăila,42682,68.02.04,,SECTIUNEA DE DEZVOLTARE,est2026,1380.00,149.54,0.1084,0.1165,outlier,True,True,224,30.4
Brăila,42682,68.02.04,,SECTIUNEA DE DEZVOLTARE,est2027,1415.00,155.67,0.11,0.1183,outlier,True,True,224,30.2
Brăila,42682,57,01.10,SECTIUNEA DE FUNCTIONARE,est2027,104.05,8.21,0.0789,0.08484,outlier,True,True,60,24.7
Constanța,60419,03.02,,01.02.01 Impozit pe profit de la agenți economici 1,est2027,1394214304,10632,7.626e-06,7.196e-06,outlier,False,True,22,26993267.2
Constanța,60419,71.01.30,,"71.01.02 Maşini, echipamente si mijloace de transport",trim1,18050,307,0.01701,0.01605,outlier,True,False,310,3138.2
Constanța,60419,74.02.05.02,,70.02.07 Alimentare cu gaze naturale in localitati,est2027,669,2,0.00299,0.002821,outlier,True,True,45,1078.7
Constanța,60419,74.02.05.02,,70.02.07 Alimentare cu gaze naturale in localitati,est2026,584,2,0.003425,0.003231,outlier,True,True,45,915.4
Constanța,60419,20.30,,20.24.02 Comisioane si alte costuri aferente imprumuturilor interne,est2026,1075,14657,13.63,12.87,outlier,True,False,75,617.7
Constanța,60419,20.30,,20.24.02 Comisioane si alte costuri aferente imprumuturilor interne,est2027,1150,15257,13.27,12.52,outlier,True,False,75,606.6
Constanța,60419,20.01.08,,20.01.06 Piese de schimb,est2027,8,1221,152.6,144,outlier,True,True,63,497.7
Constanța,60419,20.01.08,,20.01.06 Piese de schimb,est2026,8,1173,146.6,138.4,outlier,True,True,63,474.0
Constanța,60419,65.02.50,,65.02.12.01 Şcoală după școală,est2027,73,5157,70.64,66.66,outlier,True,True,50,315.8
Constanța,60419,65.02.50,,65.02.12.01 Şcoală după școală,est2026,71,4957,69.82,65.88,outlier,True,True,50,309.3
Constanța,60419,20.01.04,,20.01.02 Materiale pentru curatenie,est2027,1,121,121,114.2,outlier,True,True,63,246.4
Constanța,60419,20.01.04,,20.01.02 Materiale pentru curatenie,est2026,1,116,116,109.5,outlier,True,True,63,234.3
Constanța,60419,20.01.30,,20.01.06 Piese de schimb,est2027,36,2244,62.33,58.82,outlier,True,True,63,231.8
Constanța,60419,20.01.30,,20.01.06 Piese de schimb,est2026,35,2156,61.6,58.13,outlier,True,True,63,227.1
Constanța,60419,81.02,,80.02.02.04 Masuri active pentru combaterea somajului,est2027,5200,99314,19.1,18.02,outlier,True,True,46,169.0
Constanța,60419,81.02.06,,80.02.02.04 Masuri active pentru combaterea somajului,est2027,5200,99314,19.1,18.02,outlier,True,True,46,169.0
Constanța,60419,81.02,,80.02.02.04 Masuri active pentru combaterea somajului,est2026,8650,95402,11.03,10.41,outlier,True,True,46,96.7
Constanța,60419,81.02.06,,80.02.02.04 Masuri active pentru combaterea somajului,est2026,8650,95402,11.03,10.41,outlier,True,True,46,96.7
Constanța,60419,51.02.29,,51.02.28 Transferuri din bugetele locale pentru finanțarea cheltuielilor de capital din domeniul sănătății,trim1,400,5670,14.18,13.38,outlier,True,True,104,64.7
Constanța,60419,20.30.03,,20.30.02 Protocol si reprezentare,est2027,30,2,0.06667,0.06291,outlier,False,True,75,53.1
Constanța,60419,20.30.03,,20.30.02 Protocol si reprezentare,est2026,25,2,0.08,0.07549,outlier,False,True,75,42.9
Constanța,60419,20.01.07,,20.01.06 Piese de schimb,est2027,91,1057,11.62,10.96,outlier,True,True,63,36.7
Constanța,60419,20.01.07,,20.01.06 Piese de schimb,est2026,89,1015,11.4,10.76,outlier,True,True,63,35.8
Târgu Jiu,77812,60.01,71.01.03,"710103 Mobilier, aparatura birotica si alte",trim1,14640.45,10,0.000683,0.0008361,outlier,True,False,97,57410.4
Târgu Jiu,77812,70,71.01.03,"710103 Mobilier, aparatura birotica si alte",credite_restante,3306.69,67.83,0.02051,0.02511,outlier,False,False,94,341.8
Târgu Jiu,77812,71.01,71.01.03,"710103 Mobilier, aparatura birotica si alte",credite_restante,3306.69,67.83,0.02051,0.02511,outlier,False,False,94,341.8
Târgu Jiu,77812,71.01.01,71.01.03,"710103 Mobilier, aparatura birotica si alte",credite_restante,3306.69,67.83,0.02051,0.02511,outlier,False,False,94,341.8
Târgu Jiu,77812,71,71.01.03,"710103 Mobilier, aparatura birotica si alte",credite_restante,3306.69,67.83,0.02051,0.02511,outlier,False,False,94,341.8
Târgu Jiu,77812,71.01.01,71.01.03,"710103 Mobilier, aparatura birotica si alte",trim1,17186.95,1357.51,0.07898,0.09668,outlier,False,True,92,128.8
Târgu Jiu,77812,01,,"710103 Mobilier, aparatura birotica si alte",credite_restante,2558.97,206.39,0.08065,0.09872,decimal_shift,True,True,93,82.2
Bacău,20297,71,,,trim1,37718.21,511.50,0.01356,0.02523,outlier,False,False,99,592.0
Bacău,20297,00.01.02,,,trim1,173160.40,1810.60,0.01046,0.01945,outlier,True,True,5,550.0
Bacău,20297,56,,,trim1,558.13,6797.08,12.18,22.66,outlier,True,True,99,114.2
Bacău,20297,03.02,,,est2027,10681.00,465.00,0.04354,0.081,outlier,True,True,5,68.9
Bacău,20297,03.02.18,,,est2027,10681.00,465.00,0.04354,0.081,outlier,True,True,5,68.9
Bacău,20297,03.02,,,est2025,10420.00,465.00,0.04463,0.08302,outlier,True,True,5,66.9
Bacău,20297,03.02.18,,,est2025,10420.00,465.00,0.04463,0.08302,outlier,True,True,5,66.9
Piatra-Neamț,120726,43.02,,"Subvenții pentru finanțarea liceelor tehnologice cu profil preponderent agricol, pentru sectiunea de dezvoltare",trim1,14445.00,1500.00,0.1038,0.1171,outlier,True,False,19,408.8
Piatra-Neamț,120726,50.02,,,est2027,698597.00,59682.79,0.08543,0.0963,outlier,True,True,42,155.3
Piatra-Neamț,120726,50.02,,,est2026,634168.00,68913.09,0.1087,0.1225,outlier,True,True,42,119.3
Piatra-Neamț,120726,42.02.93,,"Subvenții pentru finanțarea liceelor tehnologice cu profil preponderent agricol, pentru sectiunea de dezvoltare",trim1,2857.00,300.00,0.105,0.1184,outlier,True,True,19,35.1
Ploiești,130534,16.02.50,,,est2025,26.0,2411.76,92.76,9.439e+04,outlier,True,True,2,377940.5
Ploiești,130534,16.02.02.02,,,est2025,844200,7644.00,0.009055,9.214,outlier,True,True,2,144.3
